filename,width,height,class,xmin,ymin,xmax,ymax
COLOR_POP.jpg,3072,4080,face,1157,1388,1679,2083
IMG-20220809-WA0001.jpg,2048,1536,face,1254,743,1430,973
IMG-20220809-WA0001.jpg,2048,1536,face,612,301,786,506
IMG-20220809-WA0001.jpg,2048,1536,face,975,294,1126,515
IMG-20220809-WA0001.jpg,2048,1536,face,1710,267,1881,464
IMG-20220809-WA0001.jpg,2048,1536,face,193,386,385,638
IMG-20220809-WA0001.jpg,2048,1536,face,991,736,1173,985
IMG-20220809-WA0001.jpg,2048,1536,face,1326,994,1541,1254
IMG_0661.jpg,4032,3024,face,1486,124,3790,3024
IMG_0662.jpg,4032,3024,face,1564,1,4032,2766
IMG_20220324_194807_01.jpg,2448,3264,face,637,1163,1716,2673
original_f07613bb-bf7d-4c18-aa25-b52cb26ab473_PXL_20220130_025853879.jpg,570,663,face,70,110,517,606
PXL_20211019_160439054.MP.jpg,3840,2160,face,3042,42,3252,257
PXL_20211019_160439054.MP.jpg,3840,2160,face,1040,360,1257,640
PXL_20211019_160439054.MP.jpg,3840,2160,face,2650,340,2767,497
PXL_20211019_160439054.MP.jpg,3840,2160,face,2450,117,2612,327
PXL_20211019_160439054.MP.jpg,3840,2160,face,2630,955,2800,1170
PXL_20211019_160439054.MP.jpg,3840,2160,face,1727,745,1865,915
PXL_20211019_175838193.MP.jpg,3840,2160,face,1977,635,2120,812
PXL_20211019_175838193.MP.jpg,3840,2160,face,2602,381,2790,608
PXL_20211019_175838193.MP.jpg,3840,2160,face,2237,508,2417,756
PXL_20211019_175838193.MP.jpg,3840,2160,face,565,1061,772,1251
PXL_20211019_175838193.MP.jpg,3840,2160,face,1870,643,1990,798
PXL_20211019_175838193.MP.jpg,3840,2160,face,1527,888,1665,1068
PXL_20211019_175838193.MP.jpg,3840,2160,face,1647,708,1792,878
PXL_20211225_185754421.jpg,2268,4032,face,1068,616,1420,1059
PXL_20211225_185758104.PORTRAIT.jpg,2268,4032,face,985,107,1516,742
PXL_20220101_051249516~3.jpg,1836,3264,face,662,1235,1579,2507
PXL_20220121_180616514.PORTRAIT.jpg,2268,4032,face,429,1416,1985,3325
PXL_20220130_025852210.jpg,2268,4032,face,977,620,1442,1133
PXL_20220130_025858261.jpg,2268,4032,face,772,425,1651,1416
PXL_20220130_025859283.jpg,2268,4032,face,672,390,1538,1377
PXL_20220130_230752681.jpg,1836,2203,face,660,25,1211,685
PXL_20220130_231121143.jpg,1836,2247,face,558,21,1058,678
PXL_20220131_000859835.jpg,1836,3264,face,507,1180,1038,1838
PXL_20220131_000942212.jpg,1836,3264,face,431,1445,1069,2276
PXL_20220407_020111378.PORTRAIT.jpg,1836,3264,face,328,887,1504,2549
PXL_20220407_020127658.PORTRAIT.jpg,1836,3264,face,486,963,1579,2432
PXL_20220407_020128281.PORTRAIT.jpg,1836,3264,face,472,963,1566,2500
PXL_20220407_020145582.jpg,1836,3264,face,483,1163,1438,2500
PXL_20220407_020212454.jpg,1836,3264,face,338,1335,1238,2563
PXL_20220407_020324886.jpg,1836,3264,face,441,1811,1555,3264
PXL_20220407_020354159.jpg,1836,3264,face,1,1,1836,1500
PXL_20220407_020404564.jpg,1836,3264,face,24,1,1836,1342
PXL_20220407_020442863.jpg,1836,3264,face,4,704,1836,3264
PXL_20220407_020455662.jpg,1836,3264,face,10,794,1836,3264
PXL_20220407_020458799.jpg,1836,3264,face,4,776,1836,3264
PXL_20220412_021353681.PORTRAIT.jpg,2268,4032,face,464,264,2159,2464
PXL_20220416_151229515.jpg,2268,4032,face,655,881,1885,2425
PXL_20220416_151236143.jpg,2268,4032,face,498,807,1698,2407
PXL_20220416_151253759.jpg,2268,4032,face,616,312,2242,2490
PXL_20220416_233500044.jpg,2268,4032,face,212,1,2268,2859
PXL_20220417_003044688.jpg,2268,4032,face,90,612,2033,3338
PXL_20220417_025230891.PORTRAIT.jpg,2268,4032,face,220,138,2194,2890
PXL_20220417_025252947.PORTRAIT.jpg,2268,4032,face,81,216,2172,3142
PXL_20220417_025334785.PORTRAIT.jpg,4032,2268,face,1845,36,2521,936
PXL_20220417_025359296.PORTRAIT.jpg,4032,2268,face,1926,62,2663,1062
PXL_20220417_025438434.PORTRAIT.jpg,2268,4032,face,794,842,1429,1668
PXL_20220417_025442255.PORTRAIT.jpg,2268,4032,face,833,894,1455,1668
PXL_20220417_025459928.PORTRAIT.jpg,2268,4032,face,529,690,1255,1586
PXL_20220417_025513675.PORTRAIT.jpg,2268,4032,face,820,712,1498,1573
PXL_20220417_025514925.PORTRAIT.jpg,2268,4032,face,825,699,1507,1555
PXL_20220417_025534678.jpg,2268,4032,face,864,1286,1381,1859
PXL_20220417_025552034.jpg,2268,4032,face,851,1142,1320,1733
PXL_20220417_025555540.jpg,2268,4032,face,916,1203,1385,1803
PXL_20220419_005820397.jpg,2268,4032,face,812,894,1481,1729
PXL_20220419_005831292.jpg,2268,4032,face,946,581,1638,1477
PXL_20220419_005838302.PORTRAIT.jpg,2268,4032,face,851,803,1538,1699
PXL_20220419_005906441.jpg,2268,4032,face,507,1103,1581,2516
PXL_20220419_005922723.jpg,2268,4032,face,433,155,1790,2146
PXL_20220419_005936845.jpg,2268,4032,face,503,133,1955,2146
PXL_20220419_005955432.jpg,2268,4032,face,785,1094,1133,1551
PXL_20220419_010012731.jpg,2268,4032,face,855,1042,1294,1620
PXL_20220420_121508057.jpg,2268,4032,face,364,542,1790,2407
PXL_20220420_121521827.jpg,2268,4032,face,1107,1186,1551,1755
PXL_20220420_121525944.jpg,2268,4032,face,998,1503,1398,2046
PXL_20220420_121536305.jpg,2268,4032,face,1046,1277,1446,1790
PXL_20220425_010704848.jpg,4032,2268,face,1882,488,2253,970
PXL_20220425_010712523.jpg,4032,2268,face,1834,430,2218,909
PXL_20220425_010729869.jpg,2268,4032,face,468,694,1738,2386
PXL_20220425_010731757.jpg,2268,4032,face,581,1194,1838,2768
PXL_20220425_010828491.PORTRAIT.jpg,2268,4032,face,677,377,1629,1490
PXL_20220425_010849213.PORTRAIT.jpg,2268,4032,face,972,1,1738,894
PXL_20220425_010907119.jpg,2268,4032,face,933,894,1433,1499
PXL_20220425_011133168.jpg,1836,3264,face,590,690,1110,1314
PXL_20220425_011133168.jpg,1836,3264,face,855,1994,986,2159
PXL_20220425_011135561.jpg,1836,3264,face,869,1949,1000,2118
PXL_20220425_011135561.jpg,1836,3264,face,628,663,1128,1280
PXL_20220425_011156579.jpg,1836,3264,face,514,883,1031,1545
PXL_20220425_011156579.jpg,1836,3264,face,724,2169,845,2356
PXL_20220425_011201834.jpg,1836,3264,face,469,863,1348,1869
PXL_20220427_121639898.jpg,2268,4032,face,825,712,1572,1586
PXL_20220427_121650081.jpg,2268,4032,face,285,586,1912,2538
PXL_20220427_121714615.jpg,2268,4032,face,946,751,1629,1564
PXL_20220429_022237812.jpg,4032,2268,face,1234,951,1613,1223
PXL_20220429_022258684.jpg,4032,2268,face,1576,657,2010,1025
PXL_20220429_022319661.jpg,2268,4032,face,1120,1103,1551,1629
PXL_20220429_022338473.jpg,2268,4032,face,990,1086,1394,1603
PXL_20220429_022343994.PORTRAIT.jpg,2268,4032,face,785,790,1385,1516
PXL_20220429_022349950.PORTRAIT.jpg,2268,4032,face,703,403,2146,2320
PXL_20220430_163824467.PORTRAIT.jpg,1836,3264,face,490,900,1428,2152
PXL_20220430_173115988.PORTRAIT.jpg,2268,4032,face,698,1146,1194,1781
PXL_20220430_173139842.PORTRAIT.jpg,2268,4032,face,738,825,1312,1529
PXL_20220430_173157020.PORTRAIT.jpg,2268,4032,face,1003,729,1481,1368
PXL_20220430_173159309.PORTRAIT.jpg,2268,4032,face,877,929,1329,1525
PXL_20220430_221139281.jpg,3024,4032,face,1303,512,1868,1212
PXL_20220430_221146337.jpg,3024,4032,face,1155,733,1803,1538
PXL_20220430_221155953.PORTRAIT.jpg,3024,4032,face,981,399,1881,1538
PXL_20220502_235952510.jpg,3024,4032,face,1285,1416,1733,1968
PXL_20220502_235955822.jpg,3024,4032,face,1224,1273,1694,1838
PXL_20220503_000019127.jpg,3024,4032,face,1194,1012,1863,1894
PXL_20220503_000025227.jpg,3024,4032,face,1185,1059,1816,1825
PXL_20220503_000032081.jpg,3024,4032,face,1203,1064,1790,1751
PXL_20220506_173915784.jpg,2448,3264,face,906,442,1754,1590
PXL_20220515_210340775_exported_13186.jpg,1080,1920,face,100,6,760,840
PXL_20220515_210340775_exported_15750.jpg,1080,1920,face,200,1,856,730
PXL_20220515_210340775_exported_45819.jpg,1080,1920,face,220,484,628,1028
PXL_20220515_210340775_exported_566.jpg,1080,1920,face,284,468,706,968
PXL_20220519_015941703.jpg,3024,4032,face,1281,1142,1672,1625
PXL_20220519_020022913.jpg,3024,4032,face,1268,525,1990,1386
PXL_20220519_020030383.jpg,3024,4032,face,1298,186,2055,1064
PXL_20220519_020032037.jpg,3024,4032,face,968,694,1720,1559
PXL_20220519_020055909.PORTRAIT.jpg,3024,4032,face,994,620,1772,1499
PXL_20220519_020126973.PORTRAIT.jpg,3024,4032,face,1290,7,2037,829
PXL_20220519_020143721.PORTRAIT.jpg,3024,4032,face,1407,938,2007,1633
PXL_20220519_020148752.PORTRAIT.jpg,3024,4032,face,1046,794,1676,1429
PXL_20220519_020159265.PORTRAIT.jpg,3024,4032,face,829,546,2542,2538
PXL_20220525_210059682.jpg,3024,4032,face,1329,1120,1720,1599
PXL_20220525_210110647.jpg,3024,4032,face,1037,777,1733,1633
PXL_20220525_210116504.jpg,3024,4032,face,1103,829,1829,1716
PXL_20220525_210128328.PORTRAIT.jpg,3024,4032,face,829,586,1785,1738
PXL_20220525_210130775.PORTRAIT.jpg,3024,4032,face,1024,573,1937,1755
PXL_20220525_210142593.PORTRAIT.jpg,3024,4032,face,1016,759,1811,1773
PXL_20220525_210144514.PORTRAIT.jpg,3024,4032,face,1120,633,1903,1646
PXL_20220526_015758721-COLLAGE.jpg,1000,1000,face,130,62,378,363
PXL_20220526_015758721-COLLAGE.jpg,1000,1000,face,641,75,861,342
PXL_20220526_015758721-COLLAGE.jpg,1000,1000,face,132,563,355,842
PXL_20220526_015758721-COLLAGE.jpg,1000,1000,face,635,562,882,852
PXL_20220526_015758721.jpg,3024,4032,face,855,873,2281,2638
PXL_20220526_015800745.jpg,3024,4032,face,711,794,2120,2499
PXL_20220526_015807514.jpg,3024,4032,face,690,516,2329,2442
PXL_20220530_230440930.jpg,3024,4032,face,368,38,2820,3646
PXL_20220530_230945411.PORTRAIT.jpg,3024,4032,face,803,386,3024,3016
PXL_20220530_230946065.PORTRAIT.jpg,3024,4032,face,1294,542,3024,3107
PXL_20220530_230946704.PORTRAIT.jpg,3024,4032,face,1,881,2063,3133
PXL_20220609_202630445.jpg,3024,4032,face,1076,968,1942,1929
PXL_20220609_202637710.jpg,3024,4032,face,581,877,2076,2607
PXL_20220609_202639534.jpg,3024,4032,face,716,786,2242,2555
PXL_20220616_182910753.jpg,2448,3264,face,685,425,1603,1714
PXL_20220620_153829800.jpg,2448,3264,face,1058,725,1713,1669
PXL_20220620_153850290.jpg,3024,4032,face,1081,651,2098,2081
PXL_20220620_153901540.jpg,3024,4032,face,985,573,1976,2042
PXL_20220620_153919740.jpg,3024,4032,face,1137,799,2072,2059
PXL_20220628_163006106.jpg,3024,4032,face,1903,507,2424,1159
PXL_20220628_163006106.jpg,3024,4032,face,1359,1464,1946,2220
PXL_20220629_193100872.jpg,3024,4032,face,416,1490,620,1777
PXL_20220629_193100872.jpg,3024,4032,face,550,816,2229,2555
PXL_20220629_193101593.jpg,3024,4032,face,2442,1646,2833,2051
PXL_20220629_193101593.jpg,3024,4032,face,220,494,2350,2529
PXL_20220629_193110098.jpg,3024,4032,face,1259,1,3024,2412
PXL_20220712_163620460.jpg,2448,3264,face,582,1404,1482,2397
PXL_20220712_163622500.jpg,2448,3264,face,758,1363,1682,2535
PXL_20220712_184704235.jpg,3024,4032,face,1,259,1490,2264
PXL_20220712_184712825.jpg,3024,4032,face,820,833,2033,2120
PXL_20220714_161640030.jpg,2448,3264,face,1237,1583,2254,3007
PXL_20220714_161640030.jpg,2448,3264,face,675,591,1530,1344
PXL_20220714_161657838.jpg,2448,3264,face,1227,828,2041,1935
PXL_20220714_161657838.jpg,2448,3264,face,1213,409,1861,933
PXL_20220714_161705442.jpg,2448,3264,face,1175,876,1968,2018
PXL_20220714_161705442.jpg,2448,3264,face,1306,550,1858,950
PXL_20220801_010934831.PORTRAIT.jpg,3024,4032,face,1285,551,1885,1242
PXL_20220801_010934831.PORTRAIT.jpg,3024,4032,face,1703,818,2494,1561
PXL_20220801_010934831.PORTRAIT.jpg,3024,4032,face,1076,1274,1672,1957
PXL_20220801_010937143.PORTRAIT.jpg,3024,4032,face,1263,355,1829,1025
PXL_20220801_010937143.PORTRAIT.jpg,3024,4032,face,1729,700,2511,1478
PXL_20220801_010937143.PORTRAIT.jpg,3024,4032,face,1024,1196,1672,1878
PXL_20220801_010938227.PORTRAIT.jpg,3024,4032,face,1276,333,1842,1046
PXL_20220801_010938227.PORTRAIT.jpg,3024,4032,face,1668,696,2490,1452
PXL_20220801_010938227.PORTRAIT.jpg,3024,4032,face,968,1200,1655,1926
PXL_20220801_010940157.PORTRAIT.jpg,3024,4032,face,1237,273,1868,968
PXL_20220801_010940157.PORTRAIT.jpg,3024,4032,face,959,1161,1594,1874
PXL_20220801_010940157.PORTRAIT.jpg,3024,4032,face,1642,635,2472,1431
PXL_20220801_011047803.PORTRAIT.jpg,3024,4032,face,1242,642,1785,1264
PXL_20220801_011047803.PORTRAIT.jpg,3024,4032,face,1768,1222,2533,1857
PXL_20220801_011047803.PORTRAIT.jpg,3024,4032,face,672,1531,1176,2100
PXL_20220801_011048657.PORTRAIT.jpg,3024,4032,face,1259,659,1794,1303
PXL_20220801_011048657.PORTRAIT.jpg,3024,4032,face,624,1565,1155,2157
PXL_20220801_011048657.PORTRAIT.jpg,3024,4032,face,1867,1222,2602,1909
PXL_20220801_011049841.PORTRAIT.jpg,3024,4032,face,1316,525,1872,1186
PXL_20220801_011049841.PORTRAIT.jpg,3024,4032,face,724,1444,1263,2057
PXL_20220801_011049841.PORTRAIT.jpg,3024,4032,face,1803,1074,2556,1761
PXL_20220801_011052270.PORTRAIT.jpg,3024,4032,face,1224,559,1798,1229
PXL_20220801_011052270.PORTRAIT.jpg,3024,4032,face,742,1492,1281,2074
PXL_20220801_011052270.PORTRAIT.jpg,3024,4032,face,1790,1048,2472,1748
PXL_20220801_011056027.PORTRAIT.jpg,3024,4032,face,1229,577,1811,1229
PXL_20220801_011056027.PORTRAIT.jpg,3024,4032,face,555,1505,1120,2070
PXL_20220801_011056027.PORTRAIT.jpg,3024,4032,face,1685,1087,2455,1874
PXL_20220801_011100306.PORTRAIT.jpg,3024,4032,face,1194,655,1768,1299
PXL_20220801_011100306.PORTRAIT.jpg,3024,4032,face,194,1600,885,2118
PXL_20220801_011100306.PORTRAIT.jpg,3024,4032,face,1746,1118,2446,1818
PXL_20220801_011120184.PORTRAIT.jpg,3024,4032,face,1524,568,2059,1190
PXL_20220801_011120184.PORTRAIT.jpg,3024,4032,face,820,1365,1368,1974
PXL_20220801_011120184.PORTRAIT.jpg,3024,4032,face,1863,1213,2707,2083
PXL_20220909_174623969.jpg,3024,4032,face,976,1073,2220,2655
PXL_20220909_174623969.jpg,3024,4032,face,516,1957,1155,3083
PXL_20220909_174635390.jpg,3024,4032,face,768,1077,1981,2851
PXL_20220909_174635390.jpg,3024,4032,face,311,1978,963,2970
PXL_20220912_155816677.jpg,3024,4032,face,863,1312,2124,3142
PXL_20220912_155816677.jpg,3024,4032,face,407,2261,1076,3218
PXL_20220912_155824004.jpg,3024,4032,face,937,1468,2016,3059
PXL_20220912_155824004.jpg,3024,4032,face,507,2274,1085,3139
PXL_20220928_123015644.jpg,3024,4032,face,737,1046,2194,3029
PXL_20220928_123023727.jpg,3024,4032,face,1137,1159,2403,2881
PXL_20220928_123052588.jpg,3024,4032,face,920,1416,2190,3090
PXL_20220928_123105053.jpg,3024,4032,face,1020,1299,2237,2916
PXL_20220928_123112210.jpg,3024,4032,face,668,799,2124,2799
PXL_20220930_030311033.jpg,3024,4032,face,868,916,2163,2638
PXL_20221007_165347435.jpg,4032,3024,face,1241,1253,1406,1443
PXL_20221007_165347435.jpg,4032,3024,face,761,1301,922,1505
PXL_20221007_165347435.jpg,4032,3024,face,3322,1318,3499,1501
PXL_20221010_060207405.jpg,3024,4032,face,1255,990,1746,1616
PXL_20221010_060211237.jpg,3024,4032,face,1607,1255,2103,1807
PXL_20221010_060214632.jpg,3024,4032,face,542,1042,1076,1681
PXL_20221010_060218880.jpg,3024,4032,face,1768,1529,2259,2033
PXL_20221010_060235606.jpg,3024,4032,face,837,164,2459,2312
PXL_20221010_060240832.jpg,3024,4032,face,833,681,2333,2568
PXL_20221010_060241893.jpg,3024,4032,face,820,738,2268,2559
PXL_20221013_124418917.jpg,3024,4032,face,868,1116,2290,2694
PXL_20221013_124602698.jpg,3024,4032,face,720,1094,2068,2677
PXL_20221019_191331023.jpg,4032,3024,face,1725,1356,1915,1608
PXL_20221019_191332890.jpg,4032,3024,face,1664,1485,1861,1724
PXL_20221019_191334409.jpg,4032,3024,face,1774,1698,1983,1959
PXL_20221019_191551285.jpg,4032,3024,face,3593,192,3793,363
PXL_20221019_191551285.jpg,4032,3024,face,1567,824,1790,1095
PXL_20221019_191551285.jpg,4032,3024,face,2148,982,2348,1205
PXL_20221019_191558745.jpg,4032,3024,face,1580,743,1841,1088
PXL_20221019_191558745.jpg,4032,3024,face,2283,937,2541,1230
PXL_20221019_191708626.jpg,4032,3024,face,2790,476,4032,2037
PXL_20221019_191819500.jpg,3264,2448,face,236,1,1757,1506
PXL_20221019_191931919.PORTRAIT.jpg,4032,3024,face,1922,1082,2135,1295
PXL_20221019_191934652.PORTRAIT.jpg,4032,3024,face,2093,708,2467,1124
PXL_20221019_192135478.PORTRAIT.jpg,3024,4032,face,920,1446,1407,1886
PXL_20221019_192139099.PORTRAIT.jpg,3024,4032,face,937,1712,1416,2142
PXL_20221019_192141730.PORTRAIT.jpg,3024,4032,face,968,1459,1476,1886
PXL_20221019_192141730.PORTRAIT~2.jpg,3024,4032,face,981,1477,1455,1886
PXL_20221019_192150292.jpg,3024,4032,face,1168,1759,1403,1959
PXL_20221019_192153983.jpg,3024,4032,face,850,1525,1307,1912
PXL_20221019_192155523.jpg,3024,4032,face,963,1690,1411,2086
PXL_20221019_192201254.PORTRAIT.jpg,3024,4032,face,1155,1781,1507,2073
PXL_20221019_192206907.PORTRAIT.jpg,3024,4032,face,924,1025,1459,1707
PXL_20221019_192208535.PORTRAIT.jpg,3024,4032,face,968,1046,1516,1751
PXL_20221022_210234261.PORTRAIT.jpg,2448,3264,face,578,614,1920,2394
PXL_20221022_210257838.PORTRAIT.jpg,2448,3264,face,578,600,1723,2145
PXL_20221022_210314323.PORTRAIT.jpg,2448,3264,face,541,718,1858,2576
PXL_20221022_210334337.PORTRAIT.jpg,2448,3264,face,427,587,1799,2552
PXL_20221022_210351254.PORTRAIT.jpg,2448,3264,face,558,963,1858,2807
PXL_20221022_210409850.PORTRAIT.jpg,2448,3264,face,575,459,1989,2480
PXL_20221022_210423966.PORTRAIT.jpg,2448,3264,face,578,918,1889,2659
PXL_20221022_210436524.PORTRAIT.jpg,2448,3264,face,441,718,1827,2697
PXL_20221022_210446874.PORTRAIT.jpg,2448,3264,face,258,763,1820,2828
PXL_20221024_204336777_exported_23006.jpg,1080,1920,face,606,1,1080,1198
PXL_20221025_174226022.jpg,3024,4032,face,1411,164,1903,746
PXL_20221025_180038823.jpg,3024,4032,face,2411,1,2898,381
PXL_20221028_152635421.jpg,4032,3024,face,619,1,1399,614
PXL_20221028_152635421.jpg,4032,3024,face,1719,1234,2444,2172
PXL_20221028_152646723.jpg,4032,3024,face,1535,895,2380,1953
PXL_20221028_153223175.jpg,3024,4032,face,1576,1320,2050,1881
PXL_20221028_153224016.jpg,3024,4032,face,1507,1281,1985,1855
PXL_20221028_174900848.jpg,2448,3264,face,785,880,1699,2121
PXL_20221028_174900848.jpg,2448,3264,face,1,1851,254,2334
PXL_20221028_174906861.jpg,2448,3264,face,489,766,1365,2032
PXL_20221028_174906861.jpg,2448,3264,face,1,1868,275,2323
PXL_20221028_174906861.jpg,2448,3264,face,1927,1823,2448,2458
PXL_20221028_174909520.jpg,2448,3264,face,737,866,1544,2076
PXL_20221028_174909520.jpg,2448,3264,face,196,2165,396,2399
PXL_20221028_174910556.jpg,2448,3264,face,778,849,1675,2145
PXL_20221028_174910556.jpg,2448,3264,face,1,453,696,2565
PXL_20221029_214423589.jpg,3024,4032,face,1224,1429,1850,2164
PXL_20221029_214424682.jpg,3024,4032,face,1242,1551,1863,2264
PXL_20221029_214430260.jpg,3024,4032,face,1868,1577,2516,2355
PXL_20221029_214431484.jpg,3024,4032,face,1520,1681,2094,2438
PXL_20221029_214442976.jpg,3024,4032,face,1146,1286,1750,2033
PXL_20221101_190621885.jpg,3024,4032,face,1159,2573,1485,2986
PXL_20221101_190621885.jpg,3024,4032,face,2255,2703,2342,2933
PXL_20221101_190626880.jpg,3024,4032,face,1268,2642,1563,3007
PXL_20221101_190630141.jpg,3024,4032,face,846,1707,1237,2186
PXL_20221101_190657987.jpg,3024,4032,face,1533,1446,2024,1981
PXL_20221101_190700999.jpg,3024,4032,face,385,951,711,1255
PXL_20221101_190700999.jpg,3024,4032,face,1950,1568,2420,2064
PXL_20221101_190704059.jpg,3024,4032,face,203,86,520,407
PXL_20221101_190704059.jpg,3024,4032,face,2263,1529,2646,1938
PXL_20221101_190731449.jpg,3024,4032,face,1537,1959,1898,2381
PXL_20221101_190732594.jpg,3024,4032,face,1685,1412,2046,1864
PXL_20221101_190733958.jpg,3024,4032,face,2411,1259,2572,1494
PXL_20221101_190733958.jpg,3024,4032,face,516,1746,790,2012
PXL_20221101_190734653.jpg,3024,4032,face,1555,1255,1937,1681
PXL_20221101_190737409.jpg,3024,4032,face,1872,1812,2242,2142
PXL_20221101_190915919.jpg,3024,4032,face,768,333,2585,2694
PXL_20221101_190917679.jpg,3024,4032,face,1133,859,2020,1959
PXL_20221101_191720329.jpg,3024,4032,face,1411,1,3024,2651
PXL_20221101_191726438.jpg,3024,4032,face,1568,164,3024,2886
PXL_20221101_191734377.jpg,3024,4032,face,1268,1,3024,2899
PXL_20221101_191812502.jpg,3024,4032,face,1833,381,3024,2394
PXL_20221101_191813747.jpg,3024,4032,face,1881,107,3024,2173
PXL_20221101_191828925.jpg,3024,4032,face,1903,459,3024,2999
PXL_20221101_191831278.jpg,3024,4032,face,1003,342,3024,2968
PXL_20221101_191832420.jpg,3024,4032,face,1037,338,3024,2955
PXL_20221101_191843142.jpg,3024,4032,face,724,1,3024,2225
PXL_20221101_191844614.jpg,3024,4032,face,503,1,2885,2090
PXL_20221101_191849412.jpg,3024,4032,face,2268,220,3024,2651
PXL_20221101_191851053.jpg,3024,4032,face,2146,359,3024,2773
PXL_20221101_191856394.jpg,3024,4032,face,1533,616,3024,2825
PXL_20221101_191857625.jpg,3024,4032,face,1442,638,3024,2781
PXL_20221101_191904010.jpg,3024,4032,face,1742,77,3024,2633
PXL_20221101_191905221.jpg,3024,4032,face,1676,73,3024,2559
PXL_20221101_191912237.jpg,3024,4032,face,2198,533,3024,2990
PXL_20221101_191913789.jpg,3024,4032,face,2050,373,3024,2916
PXL_20221101_191919249.jpg,3024,4032,face,1611,746,3024,2886
PXL_20221101_191920312.jpg,3024,4032,face,1494,686,3024,2873
PXL_20221101_191926811.jpg,3024,4032,face,1059,768,2903,2920
PXL_20221101_191928123.jpg,3024,4032,face,1124,673,2933,2838
PXL_20221101_191935475.jpg,3024,4032,face,1263,633,3024,2729
PXL_20221101_191936874.jpg,3024,4032,face,1533,764,3024,2738
PXL_20221101_191946555.jpg,3024,4032,face,1081,38,3024,2499
PXL_20221101_191957766.jpg,3024,4032,face,1511,277,3024,2473
PXL_20221101_192002501.jpg,3024,4032,face,1629,207,3024,2525
PXL_20221101_192012588.jpg,3024,4032,face,1268,338,3024,2551
PXL_20221101_192013768.jpg,3024,4032,face,1129,386,2942,2612
PXL_20221101_192014982.jpg,3024,4032,face,1033,116,3007,2568
PXL_20221104_215635613.jpg,1920,1080,face,704,316,756,379
PXL_20221107_195056308.jpg,4032,3024,face,1425,772,2244,1885
PXL_20221108_223920604.jpg,3024,4032,face,1333,616,1937,1551
PXL_20221108_223924918.jpg,3024,4032,face,1268,933,1833,1790
PXL_20221108_223926821.jpg,3024,4032,face,1107,1186,1668,1942
PXL_20221108_223934683.jpg,3024,4032,face,1116,494,2098,1951
PXL_20221108_223936061.jpg,3024,4032,face,1090,651,2050,2029
PXL_20221108_223946065.jpg,3024,4032,face,581,494,2146,3073
PXL_20221108_223947593.jpg,3024,4032,face,720,564,2276,3090
PXL_20221108_223959425.jpg,3024,4032,face,994,829,2516,2903
PXL_20221108_224000427.jpg,3024,4032,face,916,859,2463,2929
PXL_20221108_224003321.jpg,3024,4032,face,868,786,2198,2942
PXL_20221108_224004257.jpg,3024,4032,face,824,738,2211,3007
PXL_20221108_224005866.jpg,3024,4032,face,742,612,2168,2890
PXL_20221111_182715667.jpg,3024,4032,face,198,1,3024,3246
PXL_20221123_194135057.jpg,3024,4032,face,459,1481,737,1812
PXL_20221123_194135057.jpg,3024,4032,face,1059,1477,1746,2325
PXL_20221123_194135919.jpg,3024,4032,face,1,1342,155,1616
PXL_20221123_194135919.jpg,3024,4032,face,529,1559,811,1886
PXL_20221123_194135919.jpg,3024,4032,face,1011,1559,1668,2359
PXL_20221128_003409121.jpg,2736,3648,face,371,235,2202,3108
PXL_20221128_003421830.jpg,3072,4080,face,740,705,2274,3201
PXL_20221128_144950161.jpg,3072,4080,face,1,2197,240,2805
PXL_20221128_144950161.jpg,3072,4080,face,2257,1349,2500,1662
PXL_20221129_011459273.jpg,2736,3648,face,202,1101,1444,2762
PXL_20221129_011459273.jpg,2736,3648,face,1298,948,2364,2483
PXL_20221129_011459273~2.jpg,2736,3648,face,214,1081,1437,2754
PXL_20221129_011459273~2.jpg,2736,3648,face,1302,921,2341,2495
PXL_20221129_032212604.jpg,3072,4080,face,905,1270,2027,2962
PXL_20221201_212255940.jpg,4080,3072,face,2572,771,2739,1112
PXL_20221201_212255940.jpg,4080,3072,face,2662,703,3139,1271
PXL_20221201_212255940.jpg,4080,3072,face,3278,690,4080,1377
PXL_20221201_212255940.jpg,4080,3072,face,1207,325,1772,938
PXL_20221201_212255940.jpg,4080,3072,face,1775,496,2291,1051
PXL_20221201_212258118.jpg,4080,3072,face,2578,883,2965,1419
PXL_20221201_212258118.jpg,4080,3072,face,1778,590,2262,1216
PXL_20221201_212300182.jpg,4080,3072,face,581,451,1188,1054
PXL_20221201_212300182.jpg,4080,3072,face,3149,967,3681,1587
PXL_20221201_212300182.jpg,4080,3072,face,2701,977,3120,1535
PXL_20221201_212306746.jpg,4080,3072,face,3581,532,3910,900
PXL_20221201_212306746.jpg,4080,3072,face,865,567,1401,1142
PXL_20221201_212306746.jpg,4080,3072,face,1552,748,1975,1254
PXL_20221201_212306746.jpg,4080,3072,face,2788,1019,3198,1425
PXL_20221201_212306746.jpg,4080,3072,face,3223,1032,3743,1642
PXL_20221201_212308923.jpg,4080,3072,face,81,287,772,1048
PXL_20221201_212308923.jpg,4080,3072,face,988,619,1414,1132
PXL_20221201_212308923.jpg,4080,3072,face,3107,1058,3601,1674
PXL_20221201_212308923.jpg,4080,3072,face,1443,758,1846,1251
PXL_20221201_212310487.jpg,4080,3072,face,3059,1051,3549,1671
PXL_20221201_212310487.jpg,4080,3072,face,2614,1064,3023,1567
PXL_20221201_212310487.jpg,4080,3072,face,107,242,739,922
PXL_20221201_212310487.jpg,4080,3072,face,823,609,1259,1129
PXL_20221204_051905125.jpg,2736,3648,face,606,562,2194,3170
PXL_20221204_051911026.jpg,2736,3648,face,506,601,2141,3216
PXL_20221204_051927054.jpg,3072,4080,face,548,557,2257,2949
PXL_20221204_051937921.jpg,3072,4080,face,614,505,2470,3036
PXL_20221204_051952538.jpg,3072,4080,face,1057,1418,2127,2892
PXL_20221204_051959910.jpg,3072,4080,face,957,1327,2087,2949
PXL_20221204_052008035.jpg,3072,4080,face,979,1131,2179,3018
PXL_20221204_052025674.PORTRAIT.jpg,3072,4080,face,670,936,2340,3505
PXL_20221204_052039942.PORTRAIT.jpg,3072,4080,face,544,962,2461,3614
PXL_20221204_052043024.PORTRAIT.jpg,3072,4080,face,561,801,2522,3544
PXL_20221204_052045499.PORTRAIT.jpg,3072,4080,face,535,831,2531,3605
PXL_20221204_052050781.jpg,3072,4080,face,1183,1483,2240,2901
PXL_20221204_052053346.jpg,3072,4080,face,796,1231,2183,3118
PXL_20221204_052055549.jpg,3072,4080,face,744,1097,2335,3362
PXL_20221204_052101190.PORTRAIT.jpg,3072,4080,face,940,1075,2574,3340
PXL_20221204_052103701.PORTRAIT.jpg,3072,4080,face,470,836,2518,3779
PXL_20221205_150314148.jpg,4080,3072,face,1601,764,2475,1793
PXL_20221205_150340192.jpg,4080,3072,face,1191,642,2452,2022
PXL_20221205_150341689.jpg,4080,3072,face,152,1,2549,2600
PXL_20221205_150344390.jpg,4080,3072,face,1465,993,2317,1909
PXL_20221205_151132659.jpg,4080,3072,face,1330,361,2920,2319
PXL_20221205_151135938.jpg,4080,3072,face,1472,361,3049,2342
PXL_20221205_190438497.jpg,3072,4080,face,1231,1449,1605,1910
PXL_20221205_190440982.jpg,3072,4080,face,1122,1188,1670,1853
PXL_20221205_190706656.jpg,4080,3072,face,1530,174,3085,2438
PXL_20221205_190711201.jpg,1934,3072,face,21,164,1934,2909
PXL_20221207_162326868.jpg,3072,4080,face,700,657,3072,3983
PXL_20221207_162328004.jpg,3072,4080,face,566,375,3040,3683
PXL_20221208_034306465.jpg,3072,4080,face,1361,1253,1818,1944
PXL_20221208_034316846.jpg,3072,4080,face,405,2183,2500,4080
PXL_20221211_210252546.jpg,4080,3072,face,1117,1474,1285,1638
PXL_20221211_210252546.jpg,4080,3072,face,1349,1500,1498,1687
PXL_20221211_210252546.jpg,4080,3072,face,772,1358,923,1496
PXL_20221211_210252546.jpg,4080,3072,face,1488,1900,1765,2122
PXL_20221211_210252546.jpg,4080,3072,face,3288,1622,3656,1993
PXL_20221211_210252546.jpg,4080,3072,face,2233,1200,2449,1422
PXL_20221211_210252546.jpg,4080,3072,face,1743,1058,1904,1203
PXL_20221211_210252546.jpg,4080,3072,face,2030,1051,2198,1229
PXL_20221211_210252546.jpg,4080,3072,face,1543,1435,1691,1606
PXL_20221211_210257521.jpg,4080,3072,face,2143,1400,2436,1709
PXL_20221211_210257521.jpg,4080,3072,face,2020,1300,2230,1548
PXL_20221211_210257521.jpg,4080,3072,face,2094,709,2317,932
PXL_20221211_210257521.jpg,4080,3072,face,2530,696,2839,980
PXL_20221211_210257521.jpg,4080,3072,face,2865,954,3252,1367
PXL_20221211_210257521.jpg,4080,3072,face,781,1142,998,1345
PXL_20221211_210257521.jpg,4080,3072,face,1243,1290,1456,1548
PXL_20221211_210257521.jpg,4080,3072,face,1733,1893,2107,2254
PXL_20221211_210257521.jpg,4080,3072,face,1536,1374,1772,1632
PXL_20221211_211534236_exported_76909~2.jpg,564,883,face,9,23,564,670
PXL_20221211_211534236_exported_77009.jpg,568,623,face,1,18,568,623
PXL_20230102_003238238.jpg,3072,4080,face,387,983,2314,3314
PXL_20230102_003240042.jpg,3072,4080,face,1,936,1618,3388
PXL_20230102_003241999.jpg,3072,4080,face,631,736,2622,3136
PXL_20230112_201917076.jpg,3072,4080,face,783,1497,1914,2944
PXL_20230112_201920974.jpg,3072,4080,face,661,940,2005,2849
PXL_20230126_172848025.jpg,3072,4080,face,1222,918,1935,1957
PXL_20230126_172904613.jpg,3072,4080,face,614,536,2787,3114
PXL_20230127_183242444.jpg,4080,3072,face,1198,383,2778,2483
PXL_20230130_175929002.jpg,2736,3648,face,267,597,1606,2304
PXL_20230208_140320606.jpg,2736,3648,face,887,1128,2179,2762
PXL_20230208_140320606.jpg,2736,3648,face,137,2264,671,2948
PXL_20230208_190742427.jpg,2736,3648,face,341,716,1544,2124
PXL_20230208_190951608.jpg,2736,3648,face,721,462,1971,1939
PXL_20230208_190953676.jpg,2736,3648,face,625,404,1894,1866
PXL_20230208_191010657.jpg,2736,3648,face,587,424,2083,2335
PXL_20230208_191018966.jpg,2736,3648,face,502,420,1864,2201
PXL_20230208_191159698.jpg,2736,3648,face,721,1224,1998,2851
PXL_20230208_191530380.jpg,2736,3648,face,487,628,1710,2201
PXL_20230208_191530380~2.jpg,2736,3648,face,502,620,1698,2204
PXL_20230208_193907311.jpg,2736,3648,face,925,943,1956,2220
PXL_20230208_193916547.jpg,3648,2736,face,1567,611,2261,1439
PXL_20230208_193916547.jpg,3648,2736,face,1076,592,1576,1278
PXL_20230208_194625121.jpg,4080,3072,face,2785,1993,3268,2603
PXL_20230208_194625121.jpg,4080,3072,face,2768,1338,3104,1725
PXL_20230208_194625121.jpg,4080,3072,face,2533,1145,2733,1393
PXL_20230208_194625121.jpg,4080,3072,face,1994,1106,2201,1354
PXL_20230208_194625121.jpg,4080,3072,face,1078,1732,1591,2248
PXL_20230208_194625121.jpg,4080,3072,face,668,1438,1059,1858
PXL_20230208_194625121.jpg,4080,3072,face,1072,1080,1362,1377
PXL_20230208_194625121.jpg,4080,3072,face,1239,1245,1588,1583
PXL_20230208_194625121.jpg,4080,3072,face,1565,1145,1830,1480
PXL_20230208_194857118.jpg,3072,4080,face,1805,2018,2027,2266
PXL_20230208_194857118.jpg,3072,4080,face,2231,2231,2461,2497
PXL_20230208_194857118.jpg,3072,4080,face,2048,2844,2387,3223
PXL_20230208_194857118.jpg,3072,4080,face,1248,2779,1561,3175
PXL_20230208_194857118.jpg,3072,4080,face,1535,2779,1805,3214
PXL_20230208_194857118.jpg,3072,4080,face,996,2205,1266,2540
PXL_20230208_194857118.jpg,3072,4080,face,2000,1697,2183,1910
PXL_20230208_194857118.jpg,3072,4080,face,957,1770,1079,1936
PXL_20230208_194857118.jpg,3072,4080,face,1748,1210,1844,1362
PXL_20230208_194857118.jpg,3072,4080,face,1583,1118,1683,1266
PXL_20230208_194857118.jpg,3072,4080,face,1431,1214,1540,1370
PXL_20230208_194857118.jpg,3072,4080,face,1522,1436,1653,1618
PXL_20230208_194857118.jpg,3072,4080,face,1770,1488,1914,1697
PXL_20230208_194857118.jpg,3072,4080,face,1192,1183,1309,1323
PXL_20230208_194857118.jpg,3072,4080,face,1270,1344,1383,1518
PXL_20230208_194857118.jpg,3072,4080,face,1074,1227,1218,1392
PXL_20230208_194857118.jpg,3072,4080,face,1214,1883,1483,2175
PXL_20230208_195119719.jpg,3072,4080,face,1261,1049,2396,2240
PXL_20230208_195121030.jpg,3072,4080,face,1296,1401,2383,2510
PXL_20230208_195122413.jpg,3072,4080,face,1118,1397,2209,2549
PXL_20230208_195127690.jpg,3072,4080,face,1318,1353,2370,2575
PXL_20230312_055558850.jpg,3072,4080,face,1109,1288,1635,1983
PXL_20230312_055600323.jpg,3072,4080,face,1161,1383,1683,2062
PXL_20230312_055606269.jpg,3072,4080,face,405,1023,2192,3266
PXL_20230312_055620221.jpg,3072,4080,face,396,1,2731,2475
PXL_20230312_055621864.jpg,3072,4080,face,705,1,3000,2679
PXL_20230312_055633177.jpg,3072,4080,face,287,349,2627,3240
PXL_20230312_055635549.jpg,3072,4080,face,570,401,2953,3327
PXL_20230312_055700880.jpg,3072,4080,face,457,766,2627,3505
PXL_20230312_055707699.jpg,3072,4080,face,279,657,2557,3531
PXL_20230312_055720412.jpg,3072,4080,face,505,1110,2579,3731
PXL_20230312_055729648.jpg,3072,4080,face,314,592,2444,3397
PXL_20230312_055809893.jpg,3072,4080,face,553,240,3066,3592
PXL_20230312_055825068.jpg,3072,4080,face,1148,144,3072,3144
PXL_20230318_061329528.jpg,3072,4080,face,987,1531,1631,2327
PXL_20230318_061344233.jpg,3072,4080,face,505,136,2161,2310
PXL_20230318_061356902.jpg,3072,4080,face,770,436,2418,2679
PXL_20230318_061435102.PORTRAIT.jpg,3072,4080,face,600,140,2174,2370
PXL_20230326_050120870.jpg,2736,3648,face,417,193,1864,2439
PXL_20230326_050128757.PORTRAIT.jpg,2736,3648,face,475,220,1944,2412
PXL_20230326_050143924.PORTRAIT.jpg,2736,3648,face,452,393,1914,2570
PXL_20230326_050150753.jpg,2736,3648,face,244,424,1806,2601
PXL_20230326_050211978.jpg,3072,4080,face,587,836,1983,2770
PXL_20230326_050222274.jpg,3072,4080,face,935,1049,2253,2853
PXL_20230326_050233243.jpg,3072,4080,face,779,514,2366,2949
PXL_20230326_050255567.jpg,3072,4080,face,779,870,2296,2940
PXL_20230326_050302023.PORTRAIT.jpg,3072,4080,face,731,5,3072,3105
PXL_20230326_050323508.PORTRAIT.jpg,3072,4080,face,787,497,2653,2792
PXL_20230329_192951635.jpg,3072,4080,face,670,483,2466,3049
PXL_20230403_213657762.jpg,3072,4080,face,1835,1910,2057,2144
PXL_20230403_213657762.jpg,3072,4080,face,435,1801,705,2070
PXL_20230408_224124674.jpg,2736,3648,face,529,1454,1837,3216
PXL_20230408_224127648.jpg,2736,3648,face,156,970,1541,2697
PXL_20230408_224127648.jpg,2736,3648,face,1229,1925,2321,2921
PXL_20230410_213936635.jpg,4080,3072,face,1468,1,2507,1112
PXL_20230410_233939643.jpg,3072,4080,face,831,1110,1418,1879
PXL_20230413_191347101.jpg,3072,4080,face,740,1605,1979,3118
PXL_20230413_191348958.jpg,3072,4080,face,448,1444,1731,2927
PXL_20230413_191350695.jpg,3072,4080,face,700,1505,1970,2970
PXL_20230418_030856220.jpg,3072,4080,face,618,701,2635,3210
PXL_20230508_190517403.jpg,3072,4080,face,770,1,3072,2827
PXL_20230508_190820707.jpg,3072,4080,face,648,862,2235,2988
PXL_20230508_190852733.jpg,3072,4080,face,431,5,3072,3831
PXL_20230509_162755461.jpg,3072,4080,face,970,888,1870,2270
PXL_20230509_162756431.jpg,3072,4080,face,909,892,1853,2270
PXL_20230509_162803166.jpg,3072,4080,face,1079,670,2144,2188
PXL_20230525_155604509.jpg,3072,4080,face,1583,1257,1948,1718
PXL_20230525_155604509.jpg,3072,4080,face,2044,1492,2470,1997
PXL_20230525_155619447.jpg,3072,4080,face,944,1788,1205,2105
PXL_20230525_155619447.jpg,3072,4080,face,2035,1970,2418,2431
PXL_20230525_155619447.jpg,3072,4080,face,2540,1888,2792,2179
PXL_20230525_163150267.jpg,3072,4080,face,787,1383,1227,1892
PXL_20230525_163150267.jpg,3072,4080,face,1248,1453,1653,1940
PXL_20230525_181012867.jpg,3072,4080,face,1548,514,2518,1475
PXL_20230525_181232874.jpg,3072,4080,face,383,1037,1718,2394
PXL_20230525_182018292.jpg,2736,3648,face,755,1120,1536,2024
PXL_20230525_182022680.jpg,2736,3648,face,991,847,1937,2012
PXL_20230531_181642929.jpg,3072,4080,face,2279,1131,2722,1688
PXL_20230531_181642929.jpg,3072,4080,face,2583,1197,3072,1940
PXL_20230531_181642929.jpg,3072,4080,face,139,1096,382,1461
PXL_20230606_183028506.jpg,3072,4080,face,605,1,2696,3170
PXL_20230606_183308794.jpg,3072,4080,face,648,1136,1970,2710
PXL_20230606_183311745.jpg,2736,3648,face,683,781,2229,2704
PXL_20230606_183529510.jpg,3072,4080,face,879,1179,2235,2788
PXL_20230606_183535744.jpg,3072,4080,face,753,1227,2253,3040
PXL_20230606_183546235.jpg,3072,4080,face,753,1223,2274,3131
PXL_20230606_183546235.jpg,3072,4080,face,2183,1611,2748,2372
PXL_20230609_224244134.jpg,3072,4080,face,1235,918,1679,1431
PXL_20230622_000204402.jpg,2736,3648,face,779,935,2029,2743
PXL_20230622_000208902.jpg,2736,3648,face,614,947,1898,2824
PXL_20230622_124404121.jpg,2736,3648,face,675,862,2052,2754
PXL_20230622_124412144.PORTRAIT.jpg,2736,3648,face,656,328,2148,2324
PXL_20230623_190746484.jpg,2736,3648,face,917,724,1883,1897
PXL_20230624_013338306.jpg,3072,4080,face,1196,983,1522,1392
PXL_20230707_024520910.jpg,3648,2736,face,1330,128,3044,2048
PXL_20230707_024534122.jpg,2736,3648,face,271,478,2733,3231
PXL_20230707_024539325.jpg,3072,4080,face,1309,714,3072,3123
PXL_20230707_024540474.jpg,3072,4080,face,874,975,3072,3323
PXL_20230707_024700626.jpg,2736,3648,face,721,1,2736,2316
PXL_20230707_154917069.jpg,2736,3648,face,475,570,2467,3247
PXL_20230724_013514771.jpg,2736,3648,face,717,743,1929,2620
PXL_20230724_022142418.jpg,3072,4080,face,1,1,1135,1701
PXL_20230724_022153603.jpg,3072,4080,face,200,1,1683,1714
PXL_20230724_022156620.jpg,3072,4080,face,183,197,1674,1970
PXL_20230816_094132453.jpg,3072,4080,face,1366,336,1922,1253
PXL_20230816_100309138.jpg,3072,4080,face,1583,1431,1883,1857
PXL_20230906_020545722.jpg,3072,4080,face,922,949,2087,2614
PXL_20230908_020655948.jpg,3072,4080,face,1027,857,2192,2366
PXL_20230915_162805979.jpg,3072,4080,face,957,657,2274,2770
PXL_20230926_022631889.jpg,3072,4080,face,518,1,2914,2523
PXL_20230926_022635995.jpg,3072,4080,face,431,53,2805,3001
PXL_20230926_163628862.jpg,4080,3072,face,1475,429,1839,864
PXL_20230926_163647689.jpg,4080,3072,face,1368,309,1781,845
PXL_20231004_213209504.jpg,3072,4080,face,448,357,2648,3049
PXL_20231004_213219200.jpg,3072,4080,face,387,88,2570,2988
PXL_20231004_213239779.jpg,3072,4080,face,574,1,2692,2723
PXL_20231008_023349133.jpg,3072,4080,face,1305,1623,1900,2318
PXL_20231014_155828492.jpg,3072,4080,face,1057,2266,1787,3275
PXL_20231107_031240563.jpg,3072,4080,face,753,1236,2022,2810
PXL_20231108_031625784.jpg,3072,4080,face,840,818,2227,2627
PXL_20231108_213513545.jpg,3072,4080,face,827,1070,2118,2901
PXL_20231108_213538299.jpg,3072,4080,face,735,757,2140,2653
PXL_20231109_043921980.jpg,3072,4080,face,457,701,2305,3223
PXL_20231110_031552222.jpg,3072,4080,face,714,1066,2127,2936
PXL_20231111_053113391.jpg,3072,4080,face,718,1005,2253,2949
PXL_20231111_053130914.NIGHT.jpg,3072,4080,face,774,1070,2170,2866
PXL_20231111_053150356.NIGHT.jpg,3072,4080,face,653,1031,2266,3127
PXL_20231112_060749520.jpg,3072,4080,face,896,1044,2235,2888
PXL_20231112_060806969.jpg,3072,4080,face,848,1114,2287,3079
PXL_20231112_060839005.PORTRAIT.jpg,3072,4080,face,583,701,2496,3370
PXL_20231113_031653712.jpg,3072,4080,face,922,1179,2296,2810
PXL_20231116_035313452.jpg,3072,4080,face,740,1014,2331,2983
PXL_20231117_033438393.jpg,3072,4080,face,844,783,2314,2736
PXL_20231119_052651962.jpg,3072,4080,face,596,823,2279,2836
PXL_20231121_042236019.jpg,3072,4080,face,657,1175,2135,2901
PXL_20231123_032007170.jpg,3072,4080,face,818,975,2522,2879
PXL_20231126_053234862.jpg,3072,4080,face,727,879,2222,2783
PXL_20231128_031530456.jpg,3072,4080,face,766,814,2422,2753
PXL_20231130_033838188.jpg,3072,4080,face,779,779,2400,2810
PXL_20231203_051511787.jpg,3072,4080,face,818,814,2322,2775
PXL_20231205_034132979.jpg,3072,4080,face,657,666,2409,3057
PXL_20231206_031241754.jpg,3072,4080,face,666,757,2300,2862
PXL_20231206_214504580.jpg,3072,4080,face,283,466,2014,2910
PXL_20231206_214509542.jpg,3072,4080,face,753,1023,2266,3066
PXL_20231212_033201007.jpg,3072,4080,face,487,775,2270,3166
PXL_20231213_042650593.jpg,3072,4080,face,544,997,2192,3083
PXL_20231214_033551771.jpg,3072,4080,face,692,1027,2270,2949
PXL_20231215_033546409.jpg,3072,4080,face,622,614,2500,2831
PXL_20231217_050950449.jpg,3072,4080,face,635,949,2544,2992
PXL_20231218_032109894.jpg,3072,4080,face,696,927,2279,2862
PXL_20231219_033734695.jpg,3072,4080,face,653,897,2396,2997
PXL_20231220_035400398.jpg,3072,4080,face,883,1157,2344,3044
PXL_20231220_164250982.jpg,4080,3072,face,1546,1000,1759,1303
PXL_20231220_164250982.jpg,4080,3072,face,1185,982,1430,1263
PXL_20231220_164250982.jpg,4080,3072,face,1898,937,2101,1173
PXL_20231220_164250982.jpg,4080,3072,face,2294,1005,2475,1263
PXL_20231220_164250982.jpg,4080,3072,face,2887,902,3107,1189
PXL_20231220_164250982.jpg,4080,3072,face,1614,1402,1888,1727
PXL_20231220_164253444.jpg,4080,3072,face,1523,758,1775,1071
PXL_20231220_164253444.jpg,4080,3072,face,1172,711,1423,1015
PXL_20231220_164253444.jpg,4080,3072,face,1910,692,2127,953
PXL_20231220_164253444.jpg,4080,3072,face,2272,792,2485,1102
PXL_20231220_164253444.jpg,4080,3072,face,2730,737,2962,1018
PXL_20231220_164253444.jpg,4080,3072,face,1633,1147,1891,1505
PXL_20231220_164255535.jpg,3072,4080,face,974,1436,1205,1753
PXL_20231220_164255535.jpg,3072,4080,face,640,1429,892,1729
PXL_20231220_164255535.jpg,3072,4080,face,1353,1333,1570,1624
PXL_20231220_164255535.jpg,3072,4080,face,1748,1442,1957,1737
PXL_20231220_164255535.jpg,3072,4080,face,2200,1372,2427,1685
PXL_20231220_164255535.jpg,3072,4080,face,1092,1842,1370,2185
PXL_20231220_164256430.jpg,3072,4080,face,957,1475,1192,1770
PXL_20231220_164256430.jpg,3072,4080,face,622,1442,870,1750
PXL_20231220_164256430.jpg,3072,4080,face,1327,1350,1540,1646
PXL_20231220_164256430.jpg,3072,4080,face,2157,1420,2387,1689
PXL_20231220_164256430.jpg,3072,4080,face,1735,1468,1931,1768
PXL_20231220_164256430.jpg,3072,4080,face,1083,1856,1348,2182
PXL_20231221_033619064.jpg,3072,4080,face,674,1170,2248,3014
PXL_20231223_042127693.jpg,3072,4080,face,731,844,2479,2901
PXL_20231224_053341966.jpg,3072,4080,face,618,857,2296,2957
PXL_20231228_030010655.jpg,3072,4080,face,748,953,2548,3305
PXL_20231228_064347533.jpg,3072,4080,face,700,710,2457,2992
PXL_20231228_211156217.jpg,3072,4080,face,805,449,2405,2697
PXL_20231229_053527762.jpg,3072,4080,face,857,866,2353,3053
PXL_20231230_070553389.jpg,3072,4080,face,766,762,2292,3149
PXL_20231231_052052600.jpg,3072,4080,face,722,1140,2166,3223
PXL_20240104_030713040.jpg,2736,3648,face,829,185,1775,1620
PXL_20240105_050645188.jpg,3072,4080,face,1,983,1414,3262
PXL_20240105_050645188~2.jpg,3072,4080,face,1,957,1400,2997
PXL_20240106_070020535.jpg,3072,4080,face,540,605,2148,2879
PXL_20240107_173914908.jpg,3072,4080,face,644,866,2040,2983
PXL_20240109_033021388.jpg,3072,4080,face,544,631,2118,2910
PXL_20240110_035440863.jpg,3072,4080,face,753,923,2248,3057
PXL_20240111_033533116.jpg,3072,4080,face,579,957,1996,2857
PXL_20240111_191107019.jpg,2736,3648,face,514,1378,1860,2874
PXL_20240111_191107019.jpg,2736,3648,face,1,2991,379,3648
PXL_20240112_033800106.jpg,3072,4080,face,727,862,2287,3005
PXL_20240114_115727549.jpg,3072,4080,face,779,1005,2048,2844
PXL_20240117_042554027.jpg,3072,4080,face,596,1001,2100,2953
PXL_20240117_042610469.jpg,3072,4080,face,796,627,2153,2701
PXL_20240118_034430394.jpg,3072,4080,face,661,1127,2174,3157
PXL_20240118_211100313.jpg,4080,3072,face,2059,1132,2794,2119
PXL_20240118_211107300.jpg,4080,3072,face,2098,883,3675,2174
PXL_20240118_213828953.jpg,3072,4080,face,796,783,2140,2883
PXL_20240120_053756279.jpg,3072,4080,face,718,805,2383,2910
PXL_20240122_032629765.jpg,3072,4080,face,870,962,2218,2605
PXL_20240123_030744658.jpg,3072,4080,face,935,949,2270,2753
PXL_20240124_041539149.jpg,3072,4080,face,909,1036,2296,2879
PXL_20240124_041555700.NIGHT~2.jpg,3072,4080,face,722,1157,2166,3127
PXL_20240124_041758385.NIGHT.jpg,3072,4080,face,631,1079,2170,3101
PXL_20240124_153419247.jpg,3648,2736,face,855,1,2318,1779
PXL_20240124_153451463.jpg,3648,2736,face,273,817,1564,1762
PXL_20240124_153451463.jpg,3648,2736,face,788,2425,1673,2736
PXL_20240125_045427492.jpg,3072,4080,face,922,1162,2253,3027
PXL_20240126_041941332.jpg,3072,4080,face,953,1062,2396,2957
PXL_20240128_052927085.jpg,3072,4080,face,653,918,2122,2831
PXL_20240130_034326333.jpg,3072,4080,face,853,997,2248,2949
PXL_20240130_205331470.jpg,2736,3648,face,1,351,1729,2589
PXL_20240202_054859283.jpg,3072,4080,face,844,923,2353,2988
PXL_20240203_051954183.jpg,3072,4080,face,900,1018,2340,2914
PXL_20240204_053818797.jpg,3072,4080,face,748,1040,2161,2983
PXL_20240209_042407371.jpg,3072,4080,face,718,710,2209,2749
PXL_20240212_044423732.jpg,3072,4080,face,870,888,2257,2705
PXL_20240212_044434897.jpg,3072,4080,face,848,1005,2222,2762
PXL_20240213_030023966.jpg,3072,4080,face,718,1053,2105,2966
PXL_20240214_032507852.jpg,3072,4080,face,944,892,2270,2705
PXL_20240220_043713441.jpg,3072,4080,face,896,983,2240,2888
PXL_20240229_041823313.jpg,3072,4080,face,831,879,2322,2862
PXL_20240301_034049384.jpg,3072,4080,face,900,888,2361,2931
PXL_20240304_015840095.jpg,3072,4080,face,687,1244,2096,3110
PXL_20240305_035321131.jpg,3072,4080,face,861,1036,2235,2788
PXL_20240309_051557080.jpg,3072,4080,face,670,1157,1961,2875
PXL_20240310_053521131.jpg,3072,4080,face,753,779,2244,2775
PXL_20240319_021825552.RAW-01.COVER.jpg,3072,4080,face,827,1031,2300,2918
PXL_20240320_023553717.RAW-01.COVER.jpg,3072,4080,face,900,766,2270,2710
PXL_20240327_025543650.RAW-01.COVER.jpg,3072,4080,face,666,1179,2074,3010
PXL_20240328_130707715.RAW-01.COVER.jpg,2736,3648,face,594,181,2348,2620
PXL_20240328_130810012.RAW-01.COVER.jpg,2736,3648,face,237,316,2287,2785
PXL_20240401_234605172.RAW-01.COVER.jpg,3072,4080,face,870,1227,2087,2879
PXL_20240409_133558187.RAW-01.COVER.jpg,3072,4080,face,396,1570,1279,2723
PXL_20240409_133558187.RAW-01.COVER.jpg,3072,4080,face,1000,16,1827,1037
PXL_20240409_133558187.RAW-01.COVER.jpg,3072,4080,face,1509,2055,2448,3233
PXL_20240410_192413697.RAW-01.COVER.jpg,2736,3648,face,429,474,1444,1866
PXL_20240410_192413697.RAW-01.COVER.jpg,2736,3648,face,2160,787,2652,1387
PXL_20240414_054551708.RAW-01.COVER.jpg,3072,4080,face,757,910,2079,2610
PXL_20240417_023611038.RAW-01.COVER.jpg,3072,4080,face,927,1218,2374,2997
PXL_20240418_025734000.RAW-01.COVER.jpg,3072,4080,face,853,1283,2214,3031
PXL_20240428_005429179.RAW-01.COVER.jpg,3072,4080,face,983,1140,2109,2701
PXL_20240428_040344923.RAW-01.COVER.jpg,2736,3648,face,798,2174,1987,3220
PXL_20240428_051830212.RAW-01.COVER.jpg,3072,4080,face,1083,1244,2183,2923
PXL_20240505_054305939.RAW-01.COVER.jpg,3072,4080,face,1061,1136,2096,2536
PXL_20240512_155458023.RAW-01.COVER.jpg,3072,4080,face,1109,1327,2135,2727
PXL_20240514_021704025.RAW-01.COVER.jpg,3072,4080,face,944,1201,2092,2744
PXL_20240516_124828695.RAW-01.COVER.jpg,3072,4080,face,218,1,3072,4080
PXL_20240516_124831017.RAW-01.COVER.jpg,3072,4080,face,153,18,3072,4080
PXL_20240516_124908700.RAW-01.COVER.jpg,3072,4080,face,1,5,2348,3488
PXL_20240516_124916296.RAW-01.COVER.jpg,3072,4080,face,1,1,3061,4075
PXL_20240516_124922703.RAW-01.COVER.jpg,3072,4080,face,1,1,2853,3588
PXL_20240516_130330794.RAW-01.COVER.jpg,2736,3648,face,198,408,2214,2551
PXL_20240516_130418617.RAW-01.COVER.jpg,2736,3648,face,1,1,1929,2304
PXL_20240516_130555338.RAW-01.COVER.jpg,2736,3648,face,837,347,1917,1893
PXL_20240521_023727344.RAW-01.COVER.jpg,3072,4080,face,1583,966,2496,1957
PXL_20240521_023739467.RAW-01.COVER.jpg,3072,4080,face,1622,966,2509,1949
PXL_20240523_031102768.RAW-01.COVER.jpg,3072,4080,face,848,1079,2253,2949
PXL_20240529_022532507.RAW-01.COVER.jpg,3072,4080,face,987,1197,2257,2905
PXL_20240610_175043195.RAW-01.COVER.jpg,4080,3072,face,2491,1177,2694,1467
PXL_20240610_175043195.RAW-01.COVER.jpg,4080,3072,face,2498,1579,2720,1863
PXL_20240610_175054735.RAW-01.COVER.jpg,4080,3072,face,1830,1225,2056,1500
PXL_20240610_175054735.RAW-01.COVER.jpg,4080,3072,face,2456,1353,2678,1611
PXL_20240610_175059385.RAW-01.COVER.jpg,4080,3072,face,475,700,1149,1548
PXL_20240610_175059385.RAW-01.COVER.jpg,4080,3072,face,2439,1069,3072,1857
PXL_20240610_175122943.RAW-01.COVER.jpg,3648,2736,face,1735,817,2087,1282
PXL_20240610_175122943.RAW-01.COVER.jpg,3648,2736,face,703,1075,1423,2066
PXL_20240610_175122943.RAW-01.COVER.jpg,3648,2736,face,1976,1392,2223,1728
PXL_20240610_175123766.RAW-01.COVER.jpg,3648,2736,face,1724,777,2075,1237
PXL_20240610_175123766.RAW-01.COVER.jpg,3648,2736,face,694,1069,1435,2084
PXL_20240610_175123766.RAW-01.COVER.jpg,3648,2736,face,1973,1354,2235,1719
PXL_20240610_175132094.RAW-01.COVER.jpg,3648,2736,face,1555,1619,1898,2065
PXL_20240610_175132094.RAW-01.COVER.jpg,3648,2736,face,656,1057,1385,2057
PXL_20240610_175132094.RAW-01.COVER.jpg,3648,2736,face,1932,1528,2185,1836
PXL_20240610_175132964.RAW-01.COVER.jpg,3648,2736,face,1507,1585,1847,2025
PXL_20240610_175132964.RAW-01.COVER.jpg,3648,2736,face,597,1034,1344,2013
PXL_20240610_175132964.RAW-01.COVER.jpg,3648,2736,face,1870,1475,2149,1816
PXL_20240610_175134012.RAW-01.COVER.jpg,3648,2736,face,1455,1571,1793,2014
PXL_20240610_175134012.RAW-01.COVER.jpg,3648,2736,face,588,1036,1312,1969
PXL_20240610_175134012.RAW-01.COVER.jpg,3648,2736,face,1832,1475,2076,1792
PXL_20240617_025217775.RAW-01.COVER.jpg,3072,4080,face,861,1288,2040,2818
PXL_20240618_010744749.RAW-01.COVER.jpg,3072,4080,face,1087,1427,2174,2831
00000PORTRAIT_00000_BURST20200919133451389.jpg,3024,4032,face,1688, 309, 2353, 1119
00000PORTRAIT_00000_BURST20200919133451389.jpg,3024,4032,face,784, 1053, 1403, 1786
image-20200506_193627.jpg,3264,2448,face,654, 42, 2033, 1492
IMG_20200219_081853.jpg,3264,2448,face,889, 690, 2021, 2111
IMG_20200326_100949.jpg,3264,2448,face,1043, 26, 2157, 1188
IMG_20200326_100949.jpg,3264,2448,face,174, 368, 1300, 1569
IMG_20200507_221133.jpg,3264,2448,face,427, 25, 1651, 1467
IMG_20200507_221133.jpg,3264,2448,face,1191, 206, 2984, 2156
IMG_20200508_090910.jpg,3264,2448,face,446, 90, 1656, 1434
IMG_20200508_090910.jpg,3264,2448,face,1191, 647, 1871, 1653
IMG_20200508_091311.jpg,3036,4048,face,1152, 343, 2041, 1299
IMG_20200508_092245.jpg,4048,3036,face,436, 539, 1118, 1329
IMG_20200508_092245.jpg,4048,3036,face,2069, 1002, 2783, 1738
IMG_20200508_092245.jpg,4048,3036,face,2734, 951, 3301, 1662
IMG_20200515_090129.jpg,3036,4048,face,1365, 1347, 2555, 3053
IMG_20200630_165945.jpg,4048,3036,face,683, 1316, 968, 1656
IMG_20200630_165945.jpg,4048,3036,face,3083, 1308, 3500, 1690
IMG_20200812_215223_01 (1).jpg,1944,2592,face,190, 411, 1514, 1831
IMG_20200813_105005.jpg,4048,3036,face,2320, 361, 3542, 1383
IMG_20200816_115800.jpg,3036,4048,face,442, 1795, 2332, 4011
IMG_20200816_120347.jpg,2448,3264,face,388, 1031, 2370, 3264
IMG_20200826_130048.jpg,3840,2160,face,1429, 1571, 1763, 1943
IMG_20200915_164615~2.jpg,1309,2154,face,53, 31, 1223, 1538
IMG_20201102_081233.jpg,1512,2688,face,731, 175, 1512, 1559
IMG_20201102_204826.jpg,2688,1512,face,1638, 8, 2688, 920
IMG_20201106_152059.jpg,1512,2688,face,139, 1361, 914, 2198
IMG_20201220_155615.jpg,2160,3840,face,550, 754, 1106, 1456
IMG_20201221_121854.jpg,2160,3840,face,405, 471, 1329, 1464
IMG_20201221_123230.jpg,2160,3840,face,663, 820, 1338, 1439
IMG_20210216_200123.jpg,2160,3840,face,541, 715, 1587, 2172
IMG_20210317_205404.jpg,2160,3840,face,152, 1030, 1730, 3020
IMG_20210508_094355.jpg,3840,2160,face,277, 157, 2108, 1841
IMG_20210508_094355.jpg,3840,2160,face,1424, 369, 2616, 1720
IMG_20231023_171224_01.jpg,3072,4080,face,1245, 1242, 1805, 1975
original_1042c748-4619-47a8-b395-c2a4ae41f468_PXL_20220607_223432176.jpg,3470,2164,face,89, 505, 601, 1029
PXL_20211019_160133465.MP.jpg,3840,2160,face,2360, 497, 2547, 733
PXL_20211019_160133465.MP.jpg,3840,2160,face,1152, 1193, 1365, 1449
PXL_20211019_160133465.MP.jpg,3840,2160,face,1695, 919, 1867, 1120
PXL_20211019_160133465.MP.jpg,3840,2160,face,605, 755, 813, 1013
PXL_20211019_160133465.MP.jpg,3840,2160,face,1995, 608, 2152, 840
PXL_20211019_160133465.MP.jpg,3840,2160,face,764, 1340, 1052, 1733
PXL_20211019_160133465.MP.jpg,3840,2160,face,2966, 373, 3220, 713
PXL_20211019_160134866.jpg,3840,2160,face,3085, 308, 3359, 653
PXL_20211019_160134866.jpg,3840,2160,face,1224, 1122, 1411, 1381
PXL_20211019_160134866.jpg,3840,2160,face,784, 1374, 1074, 1733
PXL_20211019_160134866.jpg,3840,2160,face,1785, 895, 1951, 1106
PXL_20211019_160134866.jpg,3840,2160,face,695, 761, 905, 1006
PXL_20211019_160134866.jpg,3840,2160,face,2459, 486, 2632, 707
PXL_20211019_160134866.jpg,3840,2160,face,2058, 590, 2219, 824
PXL_20211019_160136012.jpg,3840,2160,face,1164, 1175, 1363, 1422
PXL_20211019_160136012.jpg,3840,2160,face,1749, 930, 1927, 1140
PXL_20211019_160136012.jpg,3840,2160,face,765, 1401, 1079, 1753
PXL_20211019_160136012.jpg,3840,2160,face,2411, 509, 2598, 743
PXL_20211019_160136012.jpg,3840,2160,face,2023, 628, 2182, 847
PXL_20211019_160136012.jpg,3840,2160,face,667, 792, 888, 1048
PXL_20211019_160136012.jpg,3840,2160,face,3036, 370, 3297, 707
PXL_20211019_160237139.MP.jpg,3840,2160,face,1662, 288, 1843, 539
PXL_20211112_202932736.jpg,3024,4032,face,162, 761, 1350, 2272
PXL_20211213_020223058.PORTRAIT~2.jpg,1836,3264,face,310, 663, 1542, 2028
PXL_20211213_020223058.PORTRAIT~3.jpg,1836,3264,face,245, 615, 1576, 2032
PXL_20220118_235457762.NIGHT.jpg,4032,2268,face,1896, 1039, 2120, 1261
PXL_20220131_001533905.jpg,1836,3264,face,791, 826, 1161, 1203
PXL_20220407_020111378.PORTRAIT-COLLAGE.jpg,2160,3840,face,241, 1097, 889, 1975
PXL_20220407_020111378.PORTRAIT-COLLAGE.jpg,2160,3840,face,1270, 1960, 2089, 3072
PXL_20220407_020111378.PORTRAIT-COLLAGE.jpg,2160,3840,face,1303, 149, 1903, 973
PXL_20220407_020111378.PORTRAIT-COLLAGE.jpg,2160,3840,face,139, 2719, 717, 3455
PXL_20220407_020221937.jpg,1836,3264,face,456, 1319, 1313, 2554
PXL_20220412_021353681.PORTRAIT-COLLAGE.jpg,2160,3240,face,1192, 2295, 1844, 3139
PXL_20220412_021353681.PORTRAIT-COLLAGE.jpg,2160,3240,face,1413, 13, 2152, 914
PXL_20220412_021353681.PORTRAIT-COLLAGE.jpg,2160,3240,face,287, 463, 927, 1211
PXL_20220412_021353681.PORTRAIT-COLLAGE.jpg,2160,3240,face,216, 1922, 763, 2617
PXL_20220412_021353681.PORTRAIT-COLLAGE.jpg,2160,3240,face,1089, 989, 1986, 2155
PXL_20220417_025320057.PORTRAIT.jpg,2268,4032,face,807, 795, 1537, 1714
PXL_20220417_025440485.PORTRAIT.jpg,2268,4032,face,823, 871, 1451, 1656
PXL_20220425_010657295.jpg,2268,4032,face,948, 1475, 1314, 1929
PXL_20220425_010746546.PORTRAIT.jpg,2268,4032,face,551, 379, 1472, 1559
PXL_20220425_010901408.PORTRAIT.jpg,2268,4032,face,869, 313, 1594, 1221
PXL_20220430_174330382.jpg,4032,2268,face,2162, 995, 2408, 1303
PXL_20220430_174330382.jpg,4032,2268,face,1754, 559, 2030, 926
PXL_20220430_174330382.jpg,4032,2268,face,1475, 1173, 1742, 1476
PXL_20220430_174331565.jpg,4032,2268,face,2145, 1012, 2381, 1317
PXL_20220430_174331565.jpg,4032,2268,face,1434, 1194, 1745, 1507
PXL_20220430_174331565.jpg,4032,2268,face,1740, 566, 2014, 940
PXL_20220430_174334025.PORTRAIT.jpg,4032,2268,face,2260, 1042, 2630, 1529
PXL_20220430_174334025.PORTRAIT.jpg,4032,2268,face,1679, 393, 2109, 925
PXL_20220430_174334025.PORTRAIT.jpg,4032,2268,face,1216, 1297, 1746, 1795
PXL_20220430_174334927.PORTRAIT.jpg,4032,2268,face,1149, 1313, 1686, 1823
PXL_20220430_174334927.PORTRAIT.jpg,4032,2268,face,1606, 414, 2061, 950
PXL_20220430_174334927.PORTRAIT.jpg,4032,2268,face,2240, 1051, 2615, 1524
PXL_20220430_174337841.jpg,4032,2268,face,2104, 1095, 2352, 1413
PXL_20220430_174337841.jpg,4032,2268,face,1713, 672, 1978, 1059
PXL_20220430_174337841.jpg,4032,2268,face,1411, 1274, 1744, 1593
PXL_20220430_174338648.jpg,4032,2268,face,1394, 1285, 1730, 1607
PXL_20220430_174338648.jpg,4032,2268,face,2086, 1096, 2338, 1414
PXL_20220430_174338648.jpg,4032,2268,face,1688, 678, 1965, 1052
PXL_20220430_174412512.jpg,4032,2268,face,1028, 1184, 1449, 1522
PXL_20220430_174412512.jpg,4032,2268,face,1993, 528, 2306, 939
PXL_20220430_174412512.jpg,4032,2268,face,1559, 601, 1858, 957
PXL_20220430_174412512.jpg,4032,2268,face,1479, 1066, 1726, 1451
PXL_20220430_174414351.jpg,4032,2268,face,1069, 1237, 1454, 1558
PXL_20220430_174414351.jpg,4032,2268,face,2004, 588, 2317, 994
PXL_20220430_174414351.jpg,4032,2268,face,1497, 1108, 1732, 1474
PXL_20220430_174414351.jpg,4032,2268,face,1570, 645, 1877, 1024
PXL_20220430_174419088.PORTRAIT.jpg,4032,2268,face,1430, 564, 1872, 1124
PXL_20220430_174419088.PORTRAIT.jpg,4032,2268,face,2097, 484, 2589, 1032
PXL_20220430_174419088.PORTRAIT.jpg,4032,2268,face,660, 1429, 1230, 1919
PXL_20220430_174419088.PORTRAIT.jpg,4032,2268,face,1344, 1233, 1734, 1818
PXL_20220430_174420208.PORTRAIT.jpg,4032,2268,face,1487, 612, 1931, 1134
PXL_20220430_174420208.PORTRAIT.jpg,4032,2268,face,664, 1480, 1251, 1958
PXL_20220430_174420208.PORTRAIT.jpg,4032,2268,face,2111, 510, 2615, 1085
PXL_20220430_174420208.PORTRAIT.jpg,4032,2268,face,1370, 1275, 1750, 1825
PXL_20220430_174422325.jpg,4032,2268,face,1110, 1369, 1487, 1700
PXL_20220430_174422325.jpg,4032,2268,face,2077, 729, 2387, 1125
PXL_20220430_174422325.jpg,4032,2268,face,1589, 1241, 1826, 1608
PXL_20220430_174422325.jpg,4032,2268,face,1633, 796, 1944, 1159
PXL_20220430_174423154.jpg,4032,2268,face,1117, 1361, 1465, 1686
PXL_20220430_174423154.jpg,4032,2268,face,2045, 736, 2355, 1134
PXL_20220430_174423154.jpg,4032,2268,face,1580, 1247, 1821, 1606
PXL_20220430_174423154.jpg,4032,2268,face,1623, 797, 1924, 1159
PXL_20220430_174425472.PORTRAIT.jpg,4032,2268,face,631, 1375, 1174, 1866
PXL_20220430_174425472.PORTRAIT.jpg,4032,2268,face,1385, 579, 1843, 1109
PXL_20220430_174425472.PORTRAIT.jpg,4032,2268,face,1285, 1263, 1678, 1819
PXL_20220430_174425472.PORTRAIT.jpg,4032,2268,face,2059, 503, 2528, 1044
PXL_20220430_174426592.PORTRAIT.jpg,4032,2268,face,1388, 558, 1857, 1094
PXL_20220430_174426592.PORTRAIT.jpg,4032,2268,face,2094, 468, 2594, 1022
PXL_20220430_174426592.PORTRAIT.jpg,4032,2268,face,685, 1392, 1210, 1915
PXL_20220430_174426592.PORTRAIT.jpg,4032,2268,face,1338, 1235, 1737, 1847
PXL_20220430_174910777.jpg,4032,2268,face,2185, 1123, 2516, 1451
PXL_20220430_174910777.jpg,4032,2268,face,1837, 802, 2167, 1170
PXL_20220430_174910777.jpg,4032,2268,face,1398, 968, 1697, 1318
PXL_20220430_174911648.jpg,4032,2268,face,1843, 795, 2167, 1172
PXL_20220430_174911648.jpg,4032,2268,face,1392, 964, 1702, 1311
PXL_20220430_174911648.jpg,4032,2268,face,2165, 1125, 2500, 1466
PXL_20220430_174913956.PORTRAIT.jpg,4032,2268,face,1671, 599, 2180, 1160
PXL_20220430_174913956.PORTRAIT.jpg,4032,2268,face,1016, 865, 1461, 1346
PXL_20220430_174913956.PORTRAIT.jpg,4032,2268,face,2184, 1099, 2698, 1576
PXL_20220430_174914690.PORTRAIT.jpg,4032,2268,face,1021, 876, 1460, 1350
PXL_20220430_174914690.PORTRAIT.jpg,4032,2268,face,1656, 605, 2187, 1226
PXL_20220430_174914690.PORTRAIT.jpg,4032,2268,face,2187, 1139, 2694, 1558
PXL_20220430_174916145.PORTRAIT.jpg,4032,2268,face,1120, 831, 1557, 1308
PXL_20220430_174916145.PORTRAIT.jpg,4032,2268,face,2246, 1078, 2747, 1554
PXL_20220430_174916145.PORTRAIT.jpg,4032,2268,face,1759, 560, 2256, 1217
PXL_20220430_174918392.jpg,4032,2268,face,2126, 995, 2435, 1311
PXL_20220430_174918392.jpg,4032,2268,face,1375, 834, 1652, 1170
PXL_20220430_174918392.jpg,4032,2268,face,1808, 651, 2145, 1069
PXL_20220430_174919240.jpg,4032,2268,face,2119, 970, 2441, 1298
PXL_20220430_174919240.jpg,4032,2268,face,1386, 826, 1648, 1160
PXL_20220430_174919240.jpg,4032,2268,face,1793, 637, 2132, 1038
PXL_20220503_000008643.jpg,3024,4032,face,1115, 884, 1817, 1815
PXL_20220518_190325361.jpg,3024,4032,face,829, 1744, 1314, 2346
PXL_20220518_190325361.jpg,3024,4032,face,1357, 1282, 1640, 1668
PXL_20220518_190325361.jpg,3024,4032,face,2611, 1180, 2884, 1521
PXL_20220519_020123958.PORTRAIT.jpg,3024,4032,face,1264, 20, 2029, 842
PXL_20220526_015810866.jpg,3024,4032,face,818, 463, 2416, 2381
PXL_20220607_221120067_exported_55387.jpg,3840,2160,face,977, 502, 1245, 731
PXL_20220607_221120067_exported_55387.jpg,3840,2160,face,2519, 445, 2752, 723
PXL_20220607_221658170~2.jpg,4032,3024,face,3216, 1761, 3464, 1986
PXL_20220607_221658170~2.jpg,4032,3024,face,428, 1935, 674, 2203
PXL_20220607_221900293.PORTRAIT~2.jpg,3132,2715,face,1393, 1384, 1769, 1772
PXL_20220620_153837458.jpg,2448,3264,face,775, 796, 1416, 1663
PXL_20220629_192947828.jpg,3024,4032,face,496, 1550, 1169, 2348
PXL_20220629_192947828.jpg,3024,4032,face,1745, 1297, 2447, 2153
PXL_20220629_192947828.jpg,3024,4032,face,1374, 1902, 1511, 2077
PXL_20220629_192949137.jpg,3024,4032,face,1732, 1314, 2429, 2166
PXL_20220629_192949137.jpg,3024,4032,face,490, 1526, 1137, 2301
PXL_20220629_192949137.jpg,3024,4032,face,1394, 1924, 1522, 2096
PXL_20220629_193121320.jpg,3024,4032,face,1186, 802, 2498, 2676
PXL_20220629_193122428.jpg,3024,4032,face,1186, 1070, 2545, 2827
PXL_20220801_010939128.PORTRAIT.jpg,3024,4032,face,952, 1175, 1601, 1888
PXL_20220801_010939128.PORTRAIT.jpg,3024,4032,face,1239, 301, 1815, 1030
PXL_20220801_010939128.PORTRAIT.jpg,3024,4032,face,1695, 664, 2507, 1445
PXL_20220921_153528995.jpg,3024,4032,face,1806, 1774, 2017, 2003
PXL_20220921_153528995.jpg,3024,4032,face,1115, 1320, 1446, 1690
PXL_20220921_153528995.jpg,3024,4032,face,1431, 1864, 1634, 2119
PXL_20220921_153528995.jpg,3024,4032,face,2382, 1231, 2703, 1547
PXL_20220921_153528995.jpg,3024,4032,face,2833, 2269, 3002, 2469
PXL_20220921_153530274.jpg,3024,4032,face,1121, 1338, 1436, 1714
PXL_20220921_153530274.jpg,3024,4032,face,1762, 964, 2168, 1434
PXL_20220921_153530274.jpg,3024,4032,face,2804, 2278, 2977, 2486
PXL_20220921_153533146.jpg,3024,4032,face,856, 879, 1471, 1560
PXL_20220921_153533146.jpg,3024,4032,face,2063, 455, 2806, 1157
PXL_20221018_184850560.jpg,3024,4032,face,888, 1232, 1830, 2267
PXL_20221018_184851484.jpg,3024,4032,face,880, 1324, 1702, 2260
PXL_20221018_184856158.jpg,3024,4032,face,824, 876, 2149, 2485
PXL_20221019_191153201.jpg,3024,4032,face,1304, 1341, 1743, 1971
PXL_20221019_191156806.jpg,3024,4032,face,1247, 1332, 1676, 1967
PXL_20221019_191159737.jpg,3024,4032,face,824, 697, 2240, 2881
PXL_20221019_191212849.jpg,3024,4032,face,403, 88, 2692, 3786
PXL_20221019_191214337.jpg,3024,4032,face,532, 10, 2836, 3717
PXL_20221019_191216341.jpg,3024,4032,face,94, 300, 2528, 4032
PXL_20221019_191217714.jpg,3024,4032,face,334, 286, 2747, 3975
PXL_20221019_191553655.jpg,4032,3024,face,2165, 1085, 2354, 1312
PXL_20221019_191553655.jpg,4032,3024,face,3413, 345, 3605, 506
PXL_20221019_191553655.jpg,4032,3024,face,1659, 957, 1874, 1237
PXL_20221019_191556145.jpg,4032,3024,face,3567, 267, 3761, 436
PXL_20221019_191556145.jpg,4032,3024,face,1611, 888, 1845, 1157
PXL_20221019_191556145.jpg,4032,3024,face,2189, 1049, 2385, 1290
PXL_20221019_191600698.jpg,4032,3024,face,1496, 998, 1773, 1339
PXL_20221019_191600698.jpg,4032,3024,face,3954, 234, 4032, 461
PXL_20221019_191602156.jpg,4032,3024,face,1509, 985, 1770, 1328
PXL_20221019_191602156.jpg,4032,3024,face,3917, 194, 4027, 413
PXL_20221019_191712020.jpg,4032,3024,face,2070, 918, 2648, 1497
PXL_20221019_191714108.jpg,4032,3024,face,2096, 1038, 2655, 1617
PXL_20221019_191715632.jpg,4032,3024,face,2400, 1265, 2977, 1854
PXL_20221019_191715632~2.jpg,4032,3024,face,2400, 1266, 2974, 1855
PXL_20221019_191722692.jpg,4032,3024,face,2225, 807, 2522, 1204
PXL_20221019_191723729.jpg,4032,3024,face,2164, 876, 2508, 1313
PXL_20221019_191724624.jpg,4032,3024,face,2065, 1066, 2431, 1543
PXL_20221019_192351993.jpg,4032,3024,face,1445, 616, 1613, 831
PXL_20221019_192351993.jpg,4032,3024,face,2308, 674, 2488, 905
PXL_20221019_192351993.jpg,4032,3024,face,1951, 676, 2182, 918
PXL_20221019_192353799.jpg,4032,3024,face,1429, 485, 1592, 702
PXL_20221019_192353799.jpg,4032,3024,face,2039, 523, 2212, 753
PXL_20221019_192353799.jpg,4032,3024,face,1684, 505, 1857, 731
PXL_20221019_192353799.jpg,4032,3024,face,1856, 520, 2000, 727
PXL_20221019_192358006.jpg,4032,3024,face,1238, 690, 1400, 883
PXL_20221019_192358006.jpg,4032,3024,face,1874, 667, 2055, 932
PXL_20221019_192358006.jpg,4032,3024,face,1496, 688, 1660, 927
PXL_20221019_192358006.jpg,4032,3024,face,1708, 732, 1846, 910
PXL_20221019_192359972.jpg,4032,3024,face,1272, 1160, 1442, 1371
PXL_20221019_192359972.jpg,4032,3024,face,1933, 1118, 2106, 1342
PXL_20221019_192359972.jpg,4032,3024,face,1524, 1137, 1681, 1395
PXL_20221019_192359972.jpg,4032,3024,face,1725, 1177, 1883, 1368
PXL_20221019_192401284.jpg,4032,3024,face,2107, 1175, 2281, 1416
PXL_20221019_192401284.jpg,4032,3024,face,1438, 1209, 1610, 1418
PXL_20221019_192401284.jpg,4032,3024,face,1686, 1190, 1843, 1450
PXL_20221019_192401284.jpg,4032,3024,face,1900, 1235, 2047, 1423
PXL_20221019_192403186.jpg,4032,3024,face,1527, 1020, 1700, 1233
PXL_20221019_192403186.jpg,4032,3024,face,2189, 981, 2368, 1234
PXL_20221019_192403186.jpg,4032,3024,face,1785, 1001, 1940, 1272
PXL_20221019_192403186.jpg,4032,3024,face,1977, 1042, 2136, 1253
PXL_20221019_192404258.jpg,4032,3024,face,1623, 1080, 1797, 1297
PXL_20221019_192404258.jpg,4032,3024,face,2287, 1045, 2460, 1286
PXL_20221019_192404258.jpg,4032,3024,face,1876, 1062, 2030, 1326
PXL_20221019_192404258.jpg,4032,3024,face,2075, 1108, 2232, 1312
PXL_20221020_181649733.jpg,3024,4032,face,853, 1333, 1818, 2582
PXL_20221025_173952511.jpg,4032,3024,face,1279, 1222, 1617, 1492
PXL_20221025_173957974.jpg,4032,3024,face,655, 249, 981, 548
PXL_20221025_174000017.jpg,3024,4032,face,784, 999, 1046, 1317
PXL_20221025_174011966.jpg,3024,4032,face,892, 1627, 1194, 1905
PXL_20221025_174016220.jpg,3024,4032,face,1105, 512, 1564, 1088
PXL_20221025_174018152.jpg,3024,4032,face,1053, 1902, 1306, 2212
PXL_20221025_175208355.jpg,4032,3024,face,1127, 551, 1720, 1212
PXL_20221025_175209976.jpg,4032,3024,face,1002, 287, 1579, 977
PXL_20221025_175236444.jpg,4032,3024,face,809, 420, 1425, 1111
PXL_20221025_175646317.jpg,3024,4032,face,415, 319, 872, 793
PXL_20221025_181813468.jpg,3024,4032,face,731, 1106, 1303, 1708
PXL_20221025_181815280.jpg,3024,4032,face,914, 1178, 1291, 1693
PXL_20221025_181815280~2.jpg,3024,4032,face,909, 1176, 1292, 1693
PXL_20221025_181816414.jpg,3024,4032,face,774, 1118, 1185, 1625
PXL_20221025_182149131.jpg,3024,4032,face,804, 802, 1641, 1919
PXL_20221025_182149131.jpg,3024,4032,face,2683, 431, 3022, 1421
PXL_20221028_152015120.jpg,3024,4032,face,1062, 941, 2205, 2587
PXL_20221028_152016221.jpg,3024,4032,face,524, 1094, 1695, 2709
PXL_20221028_152017387.jpg,3024,4032,face,291, 647, 1705, 2709
PXL_20221028_152020077.PORTRAIT.jpg,3024,4032,face,1, 1, 2096, 3074
PXL_20221028_152021083.PORTRAIT.jpg,3024,4032,face,115, 905, 1977, 3597
PXL_20221028_152021892.PORTRAIT.jpg,3024,4032,face,123, 218, 2391, 3790
PXL_20221028_152633845.jpg,4032,3024,face,1908, 1118, 2249, 1552
PXL_20221028_152633845.jpg,4032,3024,face,2205, 407, 2641, 894
PXL_20221028_152633845.jpg,4032,3024,face,1197, 175, 1621, 621
PXL_20221028_152636006.jpg,4032,3024,face,1660, 1203, 2410, 2128
PXL_20221028_152639786.jpg,4032,3024,face,1549, 1082, 2390, 2154
PXL_20221028_152645890.jpg,4032,3024,face,1542, 815, 2382, 1891
PXL_20221028_152722256.jpg,3024,4032,face,2648, 1473, 3011, 2055
PXL_20221028_152727592.jpg,3024,4032,face,2435, 2990, 2816, 3278
PXL_20221028_153329429.jpg,4032,3024,face,1736, 1117, 2139, 1540
PXL_20221028_153330479.jpg,4032,3024,face,1741, 1194, 2132, 1600
PXL_20221028_153334717.PORTRAIT.jpg,4032,3024,face,1799, 1189, 2226, 1637
PXL_20221028_153335483.PORTRAIT.jpg,4032,3024,face,1756, 1193, 2165, 1662
PXL_20221028_153339172.jpg,4032,3024,face,1687, 1138, 2256, 1702
PXL_20221028_153340112.jpg,4032,3024,face,1638, 1155, 2178, 1748
PXL_20221028_153340112~2.jpg,4032,3024,face,1622, 1142, 2168, 1735
PXL_20221028_153341517.jpg,4032,3024,face,1682, 574, 2225, 1158
PXL_20221028_153342615.jpg,4032,3024,face,1713, 518, 2269, 1083
PXL_20221028_153345504.jpg,4032,3024,face,1988, 904, 2271, 1198
PXL_20221028_153346399.jpg,4032,3024,face,1988, 978, 2270, 1278
PXL_20221028_153502774.jpg,4032,3024,face,1899, 1077, 2251, 1482
PXL_20221028_153516095.jpg,4032,3024,face,1911, 1001, 2260, 1415
PXL_20221028_153517098.jpg,4032,3024,face,1947, 1068, 2277, 1491
PXL_20221028_153522869.jpg,4032,3024,face,1883, 1033, 2161, 1357
PXL_20221028_153523621.jpg,4032,3024,face,1896, 1049, 2172, 1358
PXL_20221028_153524171.jpg,4032,3024,face,1894, 1053, 2165, 1373
PXL_20221028_153525803.PORTRAIT.jpg,4032,3024,face,1949, 817, 2370, 1290
PXL_20221028_153525803.PORTRAIT~2.jpg,4032,3024,face,1955, 813, 2365, 1308
PXL_20221028_153525803.PORTRAIT~3.jpg,4032,3024,face,1942, 811, 2368, 1292
PXL_20221028_153525803.PORTRAIT~4.jpg,4032,3024,face,1947, 816, 2372, 1283
PXL_20221028_153526419.PORTRAIT.jpg,4032,3024,face,1953, 857, 2362, 1319
PXL_20221028_153527590.PORTRAIT.jpg,4032,3024,face,1910, 835, 2342, 1284
PXL_20221028_153528191.PORTRAIT.jpg,4032,3024,face,2042, 942, 2502, 1435
PXL_20221101_184923968.jpg,3024,4032,face,470, 557, 2187, 3362
PXL_20221101_184925260.jpg,3024,4032,face,618, 507, 2308, 3307
PXL_20221101_184926896.jpg,3024,4032,face,264, 1014, 2053, 3978
PXL_20221101_185004331.jpg,3024,4032,face,780, 993, 2005, 2613
PXL_20221101_190310237.jpg,3024,4032,face,843, 966, 1166, 1421
PXL_20221101_190446364.jpg,4032,3024,face,2138, 529, 2876, 1264
PXL_20221101_190451037.jpg,4032,3024,face,2412, 615, 3045, 1334
PXL_20221101_190452092.jpg,4032,3024,face,2501, 599, 3104, 1436
PXL_20221101_190502353.jpg,4032,3024,face,1782, 275, 2209, 943
PXL_20221101_190502635.jpg,4032,3024,face,1652, 448, 2098, 1137
PXL_20221101_190503010.jpg,4032,3024,face,1578, 588, 2091, 1375
PXL_20221101_191025722.jpg,3024,4032,face,1146, 1512, 1460, 1957
PXL_20221101_191025722.jpg,3024,4032,face,1504, 1093, 1643, 1269
PXL_20221101_191025722.jpg,3024,4032,face,1133, 902, 1282, 1068
PXL_20221101_191052514.jpg,3024,4032,face,773, 713, 1598, 1778
PXL_20221101_191815069.jpg,3024,4032,face,1971, 52, 3024, 2180
PXL_20221101_191944999.jpg,3024,4032,face,687, 56, 2712, 2557
PXL_20221101_191959810.jpg,3024,4032,face,1677, 397, 3024, 2582
PXL_20221104_214405047.jpg,4032,3024,face,1958, 1038, 2120, 1218
PXL_20221104_214406134.jpg,4032,3024,face,2000, 1038, 2160, 1216
PXL_20221104_214415718.jpg,4032,3024,face,1959, 1155, 2274, 1467
PXL_20221104_214416606.jpg,4032,3024,face,1912, 1232, 2229, 1549
PXL_20221104_214425378.jpg,4032,3024,face,1853, 1339, 2164, 1644
PXL_20221104_214434361.PORTRAIT.jpg,3024,4032,face,1263, 1804, 1721, 2295
PXL_20221104_214435366.PORTRAIT.jpg,3024,4032,face,1260, 1831, 1715, 2329
PXL_20221104_214516592.jpg,4032,3024,face,1912, 1463, 2069, 1635
PXL_20221104_214516592.jpg,4032,3024,face,2014, 1261, 2205, 1459
PXL_20221104_214518505.jpg,4032,3024,face,2042, 1324, 2219, 1533
PXL_20221104_214518505.jpg,4032,3024,face,1941, 1498, 2108, 1682
PXL_20221104_214526366.jpg,4032,3024,face,1991, 1325, 2169, 1531
PXL_20221104_214526366.jpg,4032,3024,face,1853, 1501, 2011, 1689
PXL_20221104_214528369.jpg,4032,3024,face,1681, 1527, 2011, 1896
PXL_20221104_214528369.jpg,4032,3024,face,1899, 1159, 2266, 1555
PXL_20221104_214529956.jpg,4032,3024,face,1691, 1595, 2025, 1954
PXL_20221104_214529956.jpg,4032,3024,face,1904, 1226, 2267, 1625
PXL_20221104_214534347.PORTRAIT.jpg,4032,3024,face,1895, 1168, 2265, 1561
PXL_20221104_214534347.PORTRAIT.jpg,4032,3024,face,1667, 1539, 1984, 1896
PXL_20221104_214536017.PORTRAIT.jpg,4032,3024,face,2054, 1236, 2430, 1627
PXL_20221104_214536017.PORTRAIT.jpg,4032,3024,face,1836, 1598, 2147, 1955
PXL_20221104_214538806.PORTRAIT.jpg,4032,3024,face,1818, 979, 2414, 1565
PXL_20221104_214538806.PORTRAIT.jpg,4032,3024,face,1516, 1548, 2042, 2147
PXL_20221104_215218550.jpg,1920,1080,face,878, 310, 1091, 538
PXL_20221104_215219339.jpg,1920,1080,face,783, 386, 991, 590
PXL_20221104_215222197.jpg,1920,1080,face,784, 356, 1081, 556
PXL_20221104_215223013.jpg,1920,1080,face,823, 364, 1109, 573
PXL_20221108_223949058.jpg,3024,4032,face,687, 402, 2239, 2926
PXL_20221111_182607729.jpg,3024,4032,face,259, 697, 2183, 2911
PXL_20221111_182607729.jpg,3024,4032,face,2004, 7, 2295, 309
PXL_20221111_182607729.jpg,3024,4032,face,756, 3, 1153, 259
PXL_20221111_182608627.jpg,3024,4032,face,529, 523, 2439, 2821
PXL_20221111_182609377.jpg,3024,4032,face,143, 620, 2100, 3062
PXL_20221111_182609377.jpg,3024,4032,face,1756, 5, 2095, 224
PXL_20221111_182609377.jpg,3024,4032,face,775, 1, 1030, 153
PXL_20221201_212303797.jpg,4080,3072,face,3091, 1056, 3602, 1633
PXL_20221201_212303797.jpg,4080,3072,face,2681, 1032, 3065, 1529
PXL_20221201_212303797.jpg,4080,3072,face,807, 703, 1221, 1165
PXL_20221201_212305112.jpg,4080,3072,face,3180, 1091, 3686, 1648
PXL_20221201_212305112.jpg,4080,3072,face,1518, 773, 1946, 1298
PXL_20221201_212305112.jpg,4080,3072,face,2749, 1060, 3124, 1550
PXL_20221201_212305112.jpg,4080,3072,face,1963, 807, 2356, 1341
PXL_20221201_212305112.jpg,4080,3072,face,780, 693, 1214, 1216
PXL_20221205_150510803.jpg,4080,3072,face,1419, 677, 2421, 1680
PXL_20221205_150512526.jpg,4080,3072,face,1625, 996, 2300, 1662
PXL_20221205_150514416.jpg,4080,3072,face,895, 147, 2817, 2151
PXL_20221205_150535334.jpg,4080,3072,face,1393, 31, 4019, 3065
PXL_20221205_150611550.jpg,4080,3072,face,1580, 968, 2202, 1765
PXL_20221205_150615827.jpg,4080,3072,face,375, 4, 2458, 2670
PXL_20221205_150617822.jpg,4080,3072,face,690, 46, 2782, 2653
PXL_20221205_150720530.jpg,4080,3072,face,1379, 641, 2192, 1640
PXL_20221205_150722835.jpg,4080,3072,face,1123, 99, 2840, 2477
PXL_20221205_150823243.jpg,4080,3072,face,1637, 225, 3274, 1981
PXL_20221205_150825188.jpg,4080,3072,face,1452, 1, 3753, 2856
PXL_20221205_150826463.jpg,4080,3072,face,1812, 108, 3970, 2963
PXL_20221205_150851371.jpg,4080,3072,face,1607, 656, 3657, 2661
PXL_20221205_150852320.jpg,4080,3072,face,1525, 748, 3646, 2779
PXL_20221205_151047158.jpg,4080,3072,face,1111, 768, 2275, 1773
PXL_20221205_151049523.jpg,4080,3072,face,796, 825, 2508, 2842
PXL_20221205_151100011.jpg,4080,3072,face,668, 1002, 2410, 2762
PXL_20221205_151104617.jpg,4080,3072,face,1100, 665, 2343, 2259
PXL_20221205_151136619.jpg,4080,3072,face,1533, 469, 3081, 2469
PXL_20221205_151400371.jpg,4080,3072,face,1371, 904, 2351, 2250
PXL_20221205_151405838.jpg,4080,3072,face,957, 1048, 2200, 2326
PXL_20221205_151407215.jpg,4080,3072,face,1064, 1080, 2307, 2358
PXL_20221205_151413644.jpg,4080,3072,face,203, 97, 2703, 2958
PXL_20221205_151415902.jpg,4080,3072,face,295, 153, 2747, 2942
PXL_20221205_185726811.jpg,3072,4080,face,883, 1237, 1850, 2611
PXL_20221205_190046033.jpg,3072,4080,face,913, 740, 1496, 1440
PXL_20221205_190050666.jpg,3072,4080,face,1040, 807, 1503, 1283
PXL_20221205_190051719.jpg,3072,4080,face,1060, 849, 1535, 1330
PXL_20221205_190125491.jpg,3072,4080,face,1280, 227, 1907, 930
PXL_20221205_190131957.jpg,3072,4080,face,1258, 141, 1931, 830
PXL_20221205_190138834.jpg,3072,4080,face,1454, 821, 1946, 1462
PXL_20221205_190140165.jpg,3072,4080,face,1380, 763, 1886, 1445
PXL_20221205_190306361.jpg,3072,4080,face,1308, 784, 1751, 1254
PXL_20221205_190314620.jpg,3072,4080,face,1330, 919, 1782, 1355
PXL_20221205_191001041.jpg,3072,4080,face,1020, 1036, 1920, 2371
PXL_20221205_191005952.jpg,3072,4080,face,367, 205, 2494, 3885
PXL_20221205_191007507.jpg,3072,4080,face,454, 585, 2335, 3695
PXL_20221205_195354403.jpg,3072,4080,face,687, 1296, 2782, 3157
PXL_20221205_195357399.jpg,3072,4080,face,909, 656, 3033, 3718
PXL_20221205_195359052.jpg,3072,4080,face,720, 492, 2757, 3542
PXL_20221205_195410180.jpg,3072,4080,face,655, 341, 2775, 3554
PXL_20221205_195411481.jpg,3072,4080,face,909, 298, 2899, 3454
PXL_20230111_202727559.jpg,3072,4080,face,790, 1113, 1908, 2593
PXL_20230208_190741301.jpg,2736,3648,face,321, 688, 1517, 2096
PXL_20230208_191024087.jpg,2736,3648,face,597, 393, 2002, 2173
PXL_20230210_202751740.jpg,3072,4080,face,1136, 1221, 1754, 2098
PXL_20230210_202756056.jpg,3072,4080,face,8, 38, 2900, 4080
PXL_20230210_202756056~2.jpg,3072,4080,face,8, 29, 2893, 4080
PXL_20230210_202757431.jpg,3072,4080,face,1, 51, 2833, 4080
PXL_20230213_162107968.jpg,3072,4080,face,1331, 1305, 2062, 2278
PXL_20230312_055726696.jpg,3072,4080,face,1102, 711, 3069, 3277
PXL_20230318_061316362.jpg,3072,4080,face,1016, 1365, 1698, 2164
PXL_20230328_193129932.jpg,4080,3072,face,1058, 1036, 1762, 1950
PXL_20230331_020611174.jpg,3648,2736,face,242, 1103, 884, 1908
PXL_20230508_190440779.jpg,3072,4080,face,1, 566, 1654, 3040
PXL_20230508_190440779.jpg,3072,4080,face,2519, 1163, 2967, 1724
PXL_20230508_190627141.jpg,3072,4080,face,1, 60, 2766, 4080
PXL_20230508_190627141.jpg,3072,4080,face,2707, 1484, 3055, 1888
PXL_20230508_190707210.jpg,3072,4080,face,2427, 663, 3002, 1482
PXL_20230508_190707210.jpg,3072,4080,face,204, 1069, 509, 1498
PXL_20230508_190707210.jpg,3072,4080,face,846, 775, 2540, 2466
PXL_20230508_190709176.jpg,3072,4080,face,234, 95, 2793, 3938
PXL_20230508_190709176.jpg,3072,4080,face,2554, 285, 3070, 1355
PXL_20230508_191113017.jpg,3072,4080,face,504, 601, 2485, 3580
PXL_20230518_162953578.jpg,4080,3072,face,1874, 948, 2050, 1148
PXL_20230518_164138317.jpg,4080,3072,face,3796, 1112, 4000, 1275
PXL_20230518_164142498.jpg,4080,3072,face,1916, 1143, 2074, 1345
PXL_20230525_153440099.jpg,4080,3072,face,1462, 355, 2014, 1102
PXL_20230525_201220727.jpg,3072,4080,face,2651, 1276, 3005, 1664
PXL_20230525_201220727.jpg,3072,4080,face,1545, 1639, 1772, 1965
PXL_20230525_201221786.jpg,3072,4080,face,1840, 1590, 2164, 1965
PXL_20230529_182920447.jpg,3648,2736,face,1627, 883, 2518, 1933
PXL_20230529_182920447.jpg,3648,2736,face,2692, 500, 3605, 1809
PXL_20230530_133544431.jpg,3072,4080,face,414, 2116, 678, 2402
PXL_20230608_180455399.jpg,3072,4080,face,1202, 1356, 1932, 2085
PXL_20230608_180457237.jpg,3072,4080,face,1315, 1648, 2003, 2345
PXL_20230608_180458893.jpg,3072,4080,face,923, 1853, 1630, 2572
PXL_20230609_224245009.jpg,3072,4080,face,1258, 1193, 1649, 1647
PXL_20230616_162132148.jpg,3072,4080,face,2158, 24, 2644, 768
PXL_20230616_180226332.jpg,3072,4080,face,1107, 1863, 1363, 2186
PXL_20230616_180227619.jpg,3072,4080,face,1392, 1382, 1651, 1740
PXL_20230619_140714869.jpg,3072,4080,face,2852, 1555, 3035, 1766
PXL_20230619_140714869.jpg,3072,4080,face,1582, 1448, 1967, 1907
PXL_20230619_170143794.jpg,3072,4080,face,200, 1, 2413, 4059
PXL_20230619_170145002.jpg,3072,4080,face,173, 26, 2764, 3983
PXL_20230622_000217628.jpg,3072,4080,face,1131, 1021, 2166, 2427
PXL_20230622_012219393.jpg,3072,4080,face,572, 975, 1911, 2831
PXL_20230622_012220492.jpg,3072,4080,face,876, 877, 2139, 2498
PXL_20230622_012224238.NIGHT.jpg,3072,4080,face,848, 1113, 1977, 2564
PXL_20230624_010822559.jpg,3072,4080,face,1412, 1623, 1621, 1871
PXL_20230624_010822559.jpg,3072,4080,face,400, 1872, 593, 2138
PXL_20230624_010822559.jpg,3072,4080,face,1670, 1758, 1846, 1983
PXL_20230624_010822559.jpg,3072,4080,face,1087, 1997, 1345, 2387
PXL_20230624_010822559.jpg,3072,4080,face,132, 1652, 319, 1952
PXL_20230624_013712558.jpg,4080,3072,face,2711, 1211, 3160, 1781
PXL_20230624_013712558.jpg,4080,3072,face,1068, 1233, 1492, 1766
PXL_20230624_013737013.jpg,3072,4080,face,1106, 1320, 1953, 2408
PXL_20230624_013738037.jpg,3072,4080,face,1121, 1400, 1923, 2386
PXL_20230624_014640794.jpg,3072,4080,face,1763, 1714, 2234, 2317
PXL_20230624_014640794.jpg,3072,4080,face,911, 1618, 1441, 2122
PXL_20230624_014642192.jpg,3072,4080,face,1589, 934, 1965, 1445
PXL_20230624_014642192.jpg,3072,4080,face,863, 837, 1300, 1382
PXL_20230624_014643747.jpg,4080,3072,face,1305, 608, 1683, 1022
PXL_20230624_014643747.jpg,4080,3072,face,1890, 659, 2197, 1088
PXL_20230624_014643747.jpg,4080,3072,face,903, 730, 1216, 1057
PXL_20230624_014645638.jpg,4080,3072,face,1993, 479, 2315, 901
PXL_20230624_014645638.jpg,4080,3072,face,1231, 411, 1703, 818
PXL_20230624_014827193.jpg,4080,3072,face,805, 860, 1525, 1542
PXL_20230624_014827193.jpg,4080,3072,face,1748, 120, 2716, 1035
PXL_20230624_014837358.jpg,3072,4080,face,878, 742, 2131, 2340
PXL_20230624_014837358.jpg,3072,4080,face,2852, 1598, 3072, 2516
PXL_20230624_014841515.jpg,4080,3072,face,735, 694, 1873, 1759
PXL_20230624_014841515.jpg,4080,3072,face,2510, 1056, 3248, 1990
PXL_20230626_001823644.jpg,3072,4080,face,1094, 1065, 2406, 2432
PXL_20230626_001825120.jpg,3072,4080,face,810, 226, 2341, 2042
PXL_20230629_162244179.jpg,3072,4080,face,967, 1188, 2116, 2706
PXL_20230710_153044147.jpg,3072,4080,face,1404, 504, 2690, 2194
PXL_20230710_153044147.jpg,3072,4080,face,963, 874, 1262, 1222
PXL_20230710_153044147.jpg,3072,4080,face,2726, 1178, 2883, 1340
PXL_20230710_153108975.jpg,3072,4080,face,1860, 505, 3020, 2312
PXL_20230724_022144498.jpg,3072,4080,face,350, 315, 1659, 1900
PXL_20230724_022401953.jpg,4080,3072,face,2543, 560, 3607, 1632
PXL_20230724_022402888.jpg,4080,3072,face,2463, 551, 3536, 1657
PXL_20230724_022404142.jpg,4080,3072,face,2469, 527, 3605, 1649
PXL_20230724_022409141.jpg,4080,3072,face,2452, 561, 3629, 1717
PXL_20230724_022412045.jpg,3072,4080,face,1747, 1187, 2912, 2417
PXL_20230730_000318135.jpg,3072,4080,face,1701, 2015, 1847, 2220
PXL_20230816_100302767.jpg,3072,4080,face,1508, 1218, 1814, 1653
PXL_20230821_155624965.jpg,4080,3072,face,277, 211, 889, 817
PXL_20230821_155624965.jpg,4080,3072,face,3192, 1, 3366, 104
PXL_20231028_233036778.jpg,3072,4080,face,1357, 811, 2079, 1613
PXL_20231028_233036778.jpg,3072,4080,face,2297, 2061, 2634, 2437
PXL_20231109_040826190.jpg,3072,4080,face,793, 803, 2187, 2623
PXL_20231115_033607293.jpg,3072,4080,face,853, 945, 2221, 2740
PXL_20231125_052450291.jpg,3072,4080,face,817, 967, 2284, 2958
PXL_20231210_050838622.jpg,3072,4080,face,664, 881, 2514, 3092
PXL_20231222_033812249.jpg,3072,4080,face,1100, 631, 2934, 3021
PXL_20231230_043735150.jpg,3072,4080,face,637, 1015, 2073, 3079
PXL_20240116_031959578.jpg,3072,4080,face,794, 726, 2391, 3042
PXL_20240117_205207435.jpg,3072,4080,face,1196, 10, 2924, 1489
PXL_20240124_153420798.jpg,3648,2736,face,1871, 1, 3633, 1883
PXL_20240126_042001050.NIGHT.jpg,3072,4080,face,851, 998, 2288, 2875
PXL_20240130_034340553.jpg,3072,4080,face,806, 950, 2269, 2961
PXL_20240201_212826601.jpg,3072,4080,face,458, 1194, 715, 1528
PXL_20240201_212826601.jpg,3072,4080,face,1022, 1195, 1323, 1567
PXL_20240201_212826601.jpg,3072,4080,face,2156, 1543, 2387, 1782
PXL_20240201_212826601.jpg,3072,4080,face,169, 1345, 331, 1522
PXL_20240201_212826601.jpg,3072,4080,face,1004, 1283, 1131, 1517
PXL_20240322_020025605.RAW-01.COVER.jpg,3072,4080,face,852, 897, 2282, 2871
PXL_20240328_130744878.RAW-01.COVER.jpg,2736,3648,face,589, 240, 2426, 2707
PXL_20240411_020021655.RAW-01.COVER.jpg,3072,4080,face,822, 998, 2201, 2770
PXL_20240502_035907294.RAW-01.COVER.jpg,3072,4080,face,865, 1292, 1914, 2778
PXL_20240508_225155439.RAW-01.COVER.jpg,4080,3072,face,2104, 1092, 2462, 1433
PXL_20240508_225155439.RAW-01.COVER.jpg,4080,3072,face,1843, 892, 2131, 1347
PXL_20240508_225155439.RAW-01.COVER.jpg,4080,3072,face,1573, 1068, 1861, 1415
PXL_20240508_225158910.RAW-01.COVER.jpg,4080,3072,face,1942, 461, 2298, 859
PXL_20240508_225158910.RAW-01.COVER.jpg,4080,3072,face,1609, 318, 1910, 793
PXL_20240508_225158910.RAW-01.COVER.jpg,4080,3072,face,1277, 546, 1607, 916
PXL_20240508_225201473.RAW-01.COVER.jpg,4080,3072,face,1856, 946, 2152, 1430
PXL_20240508_225201473.RAW-01.COVER.jpg,4080,3072,face,2179, 1116, 2540, 1461
PXL_20240508_225201473.RAW-01.COVER.jpg,4080,3072,face,1548, 1146, 1849, 1487
PXL_20240516_124912197.RAW-01.COVER.jpg,3072,4080,face,1, 39, 2825, 3636
PXL_20240610_175059885.RAW-01.COVER.jpg,4080,3072,face,630, 682, 1331, 1520
PXL_20240610_175059885.RAW-01.COVER.jpg,4080,3072,face,2609, 1055, 3239, 1856
PXL_20240618_010754824.RAW-01.COVER.jpg,3072,4080,face,995, 1434, 2185, 2980
PXL_20240621_025306273.RAW-01.COVER.jpg,3072,4080,face,975, 1109, 2258, 2682
PXL_20240624_023839262.RAW-01.COVER.jpg,3072,4080,face,906, 1483, 2046, 2894
PXL_20240627_034149357.RAW-01.COVER.jpg,3072,4080,face,944, 1130, 2244, 2718
Snapchat-883588321.jpg,1080,1920,face,441, 351, 979, 1112
Snapchat-883588321.jpg,1080,1920,face,5, 860, 369, 1281
VID_20200530_200221_exported_23400.jpg,1080,1920,face,127, 278, 854, 1337
VID_20200530_200221_exported_23533.jpg,1080,1920,face,115, 421, 804, 1435
1590099901377.png,2592,1936,face,1187, 595, 1465, 949
funie.png,1920,1080,face,96, 108, 208, 226
funie.png,1920,1080,face,95, 640, 209, 760
funie.png,1920,1080,face,697, 109, 808, 221
funie.png,1920,1080,face,1297, 108, 1408, 225
funie.png,1920,1080,face,96, 374, 209, 495
funie.png,1920,1080,face,299, 107, 406, 227
funie.png,1920,1080,face,1697, 641, 1811, 754
funie.png,1920,1080,face,899, 107, 1006, 228
funie.png,1920,1080,face,1295, 640, 1409, 759
funie.png,1920,1080,face,1499, 106, 1606, 228
image.png,391,298,face,173, 132, 280, 258
image.png,391,298,face,251, 136, 325, 263
Screenshot_20220515-211337.png,350,350,face,88, 15, 272, 257
Screenshot_20221022-170237.png,1440,3040,face,337, 909, 1103, 1985
Screenshot_20221022-170301.png,1440,3040,face,318, 921, 1003, 1866
Screenshot_20221022-170316.png,1440,3040,face,296, 984, 1086, 2072
Screenshot_20221022-170318.png,1440,3040,face,297, 983, 1086, 2070
Screenshot_20221022-170318.png,1440,3040,face,151, 2426, 280, 2640
Screenshot_20221022-170319.png,1440,3040,face,296, 983, 1086, 2072
Screenshot_20221022-170319.png,1440,3040,face,150, 2428, 281, 2637
Screenshot_20221022-170336.png,1440,3040,face,248, 909, 1055, 2068
Screenshot_20221022-170344.png,1440,3040,face,313, 978, 1091, 2051
Screenshot_20221022-170353.png,1440,3040,face,319, 1125, 1097, 2252
Screenshot_20221022-170411.png,1440,3040,face,323, 816, 1168, 2045
Screenshot_20221022-170413.png,1440,3040,face,323, 816, 1167, 2042
Screenshot_20221022-170413.png,1440,3040,face,137, 2389, 287, 2633
Screenshot_20221022-170425.png,1440,3040,face,346, 1090, 1109, 2143
Screenshot_20221022-170438.png,1440,3040,face,248, 982, 1073, 2150
Screenshot_20221022-170449(1).png,1440,3040,face,148, 989, 1047, 2239
Screenshot_20230114-132155.png,1079,1301,face,193, 301, 888, 1131
Screenshot_20230520-132843.png,1080,2400,face,474, 707, 621, 930
Untitled31_20240521084138.png,3072,4080,face,555, 966, 1465, 1931
PXL_20230624_014645638.jpg,4080,3072,face,1993, 479, 2315, 901
PXL_20230624_014645638.jpg,4080,3072,face,1385, 476, 1693, 809
PXL_20230624_014645638.jpg,4080,3072,face,1213, 534, 1331, 776